{
    "design__lint_error__count": 0,
    "design__lint_timing_construct__count": 0,
    "design__lint_warning__count": 5,
    "design__inferred_latch__count": 0,
    "design__instance__count": 6068,
    "design__instance__area": 54775,
    "design__instance_unmapped__count": 0,
    "synthesis__check_error__count": 0,
    "design__max_slew_violation__count__corner:nom_tt_025C_1v80": 0,
    "design__max_fanout_violation__count__corner:nom_tt_025C_1v80": 64,
    "design__max_cap_violation__count__corner:nom_tt_025C_1v80": 0,
    "power__internal__total": 0.00862689595669508,
    "power__switching__total": 0.004442252684384584,
    "power__leakage__total": 7.236823762468703e-08,
    "power__total": 0.013069221749901772,
    "clock__skew__worst_hold__corner:nom_tt_025C_1v80": -0.2815704138434157,
    "clock__skew__worst_setup__corner:nom_tt_025C_1v80": 0.28147598937250085,
    "timing__hold__ws__corner:nom_tt_025C_1v80": 0.3225042546523065,
    "timing__setup__ws__corner:nom_tt_025C_1v80": 3.657464656881679,
    "timing__hold__tns__corner:nom_tt_025C_1v80": 0,
    "timing__setup__tns__corner:nom_tt_025C_1v80": 0,
    "timing__hold__wns__corner:nom_tt_025C_1v80": 0,
    "timing__setup__wns__corner:nom_tt_025C_1v80": 0,
    "timing__hold_vio__count__corner:nom_tt_025C_1v80": 0,
    "timing__hold_r2r__ws__corner:nom_tt_025C_1v80": 0.322504,
    "timing__hold_r2r_vio__count__corner:nom_tt_025C_1v80": 0,
    "timing__setup_vio__count__corner:nom_tt_025C_1v80": 0,
    "timing__setup_r2r__ws__corner:nom_tt_025C_1v80": 4.35844,
    "timing__setup_r2r_vio__count__corner:nom_tt_025C_1v80": 0,
    "design__max_slew_violation__count__corner:nom_ss_100C_1v60": 16,
    "design__max_fanout_violation__count__corner:nom_ss_100C_1v60": 64,
    "design__max_cap_violation__count__corner:nom_ss_100C_1v60": 0,
    "clock__skew__worst_hold__corner:nom_ss_100C_1v60": -0.29453948447236483,
    "clock__skew__worst_setup__corner:nom_ss_100C_1v60": 0.2966624530000947,
    "timing__hold__ws__corner:nom_ss_100C_1v60": 0.8977889796816968,
    "timing__setup__ws__corner:nom_ss_100C_1v60": -0.8200436117820867,
    "timing__hold__tns__corner:nom_ss_100C_1v60": 0,
    "timing__setup__tns__corner:nom_ss_100C_1v60": -49.09734269221764,
    "timing__hold__wns__corner:nom_ss_100C_1v60": 0,
    "timing__setup__wns__corner:nom_ss_100C_1v60": -0.8200436117820867,
    "timing__hold_vio__count__corner:nom_ss_100C_1v60": 0,
    "timing__hold_r2r__ws__corner:nom_ss_100C_1v60": 0.897789,
    "timing__hold_r2r_vio__count__corner:nom_ss_100C_1v60": 0,
    "timing__setup_vio__count__corner:nom_ss_100C_1v60": 129,
    "timing__setup_r2r__ws__corner:nom_ss_100C_1v60": -0.820044,
    "timing__setup_r2r_vio__count__corner:nom_ss_100C_1v60": 129,
    "design__max_slew_violation__count__corner:nom_ff_n40C_1v95": 0,
    "design__max_fanout_violation__count__corner:nom_ff_n40C_1v95": 64,
    "design__max_cap_violation__count__corner:nom_ff_n40C_1v95": 0,
    "clock__skew__worst_hold__corner:nom_ff_n40C_1v95": -0.27404992939536477,
    "clock__skew__worst_setup__corner:nom_ff_n40C_1v95": 0.2736424775338038,
    "timing__hold__ws__corner:nom_ff_n40C_1v95": 0.11470819063728913,
    "timing__setup__ws__corner:nom_ff_n40C_1v95": 5.187487475296149,
    "timing__hold__tns__corner:nom_ff_n40C_1v95": 0,
    "timing__setup__tns__corner:nom_ff_n40C_1v95": 0,
    "timing__hold__wns__corner:nom_ff_n40C_1v95": 0,
    "timing__setup__wns__corner:nom_ff_n40C_1v95": 0,
    "timing__hold_vio__count__corner:nom_ff_n40C_1v95": 0,
    "timing__hold_r2r__ws__corner:nom_ff_n40C_1v95": 0.114708,
    "timing__hold_r2r_vio__count__corner:nom_ff_n40C_1v95": 0,
    "timing__setup_vio__count__corner:nom_ff_n40C_1v95": 0,
    "timing__setup_r2r__ws__corner:nom_ff_n40C_1v95": 6.466984,
    "timing__setup_r2r_vio__count__corner:nom_ff_n40C_1v95": 0,
    "design__max_slew_violation__count": 18,
    "design__max_fanout_violation__count": 64,
    "design__max_cap_violation__count": 0,
    "clock__skew__worst_hold": -0.27275818486968034,
    "clock__skew__worst_setup": 0.2723567282126219,
    "timing__hold__ws": 0.11188628118463909,
    "timing__setup__ws": -1.0321868096841205,
    "timing__hold__tns": 0,
    "timing__setup__tns": -74.71126151426209,
    "timing__hold__wns": 0,
    "timing__setup__wns": -1.0321868096841205,
    "timing__hold_vio__count": 0,
    "timing__hold_r2r__ws": 0.111886,
    "timing__hold_r2r_vio__count": 0,
    "timing__setup_vio__count": 365,
    "timing__setup_r2r__ws": -1.032187,
    "timing__setup_r2r_vio__count": 365,
    "design__die__bbox": "0.0 0.0 311.305 322.025",
    "design__core__bbox": "5.52 10.88 305.44 310.08",
    "design__io": 16,
    "design__die__area": 100248,
    "design__core__area": 89736.1,
    "design__instance__count__stdcell": 6068,
    "design__instance__area__stdcell": 54775,
    "design__instance__count__macros": 0,
    "design__instance__area__macros": 0,
    "design__instance__utilization": 0.610402,
    "design__instance__utilization__stdcell": 0.610402,
    "design__instance__count__class:buffer": 768,
    "design__instance__count__class:inverter": 21,
    "design__instance__count__class:sequential_cell": 1042,
    "design__instance__count__class:multi_input_combinational_cell": 1455,
    "flow__warnings__count": 1,
    "flow__errors__count": 0,
    "design__instance__count__class:fill_cell": 5346,
    "design__instance__count__class:tap_cell": 1288,
    "design__power_grid_violation__count__net:VGND": 0,
    "design__power_grid_violation__count__net:VPWR": 0,
    "design__power_grid_violation__count": 0,
    "floorplan__design__io": 14,
    "design__io__hpwl": 1340863,
    "timing__drv__floating__nets": 0,
    "timing__drv__floating__pins": 0,
    "design__instance__displacement__total": 0,
    "design__instance__displacement__mean": 0,
    "design__instance__displacement__max": 0,
    "route__wirelength__estimated": 93022.1,
    "design__violations": 0,
    "design__instance__count__class:timing_repair_buffer": 1293,
    "design__instance__count__class:clock_buffer": 117,
    "design__instance__count__class:clock_inverter": 78,
    "design__instance__count__setup_buffer": 5,
    "design__instance__count__hold_buffer": 1023,
    "antenna__violating__nets": 0,
    "antenna__violating__pins": 0,
    "route__antenna_violation__count": 0,
    "antenna_diodes_count": 6,
    "design__instance__count__class:antenna_cell": 6,
    "route__net": 4689,
    "route__net__special": 2,
    "route__drc_errors__iter:1": 1514,
    "route__wirelength__iter:1": 114995,
    "route__drc_errors__iter:2": 576,
    "route__wirelength__iter:2": 114145,
    "route__drc_errors__iter:3": 435,
    "route__wirelength__iter:3": 113851,
    "route__drc_errors__iter:4": 60,
    "route__wirelength__iter:4": 113717,
    "route__drc_errors__iter:5": 0,
    "route__wirelength__iter:5": 113708,
    "route__drc_errors": 0,
    "route__wirelength": 113708,
    "route__vias": 29575,
    "route__vias__singlecut": 29575,
    "route__vias__multicut": 0,
    "design__disconnected_pin__count": 0,
    "design__critical_disconnected_pin__count": 0,
    "route__wirelength__max": 564.43,
    "timing__unannotated_net__count__corner:nom_tt_025C_1v80": 92,
    "timing__unannotated_net_filtered__count__corner:nom_tt_025C_1v80": 0,
    "timing__unannotated_net__count__corner:nom_ss_100C_1v60": 92,
    "timing__unannotated_net_filtered__count__corner:nom_ss_100C_1v60": 0,
    "timing__unannotated_net__count__corner:nom_ff_n40C_1v95": 92,
    "timing__unannotated_net_filtered__count__corner:nom_ff_n40C_1v95": 0,
    "design__max_slew_violation__count__corner:min_tt_025C_1v80": 0,
    "design__max_fanout_violation__count__corner:min_tt_025C_1v80": 64,
    "design__max_cap_violation__count__corner:min_tt_025C_1v80": 0,
    "clock__skew__worst_hold__corner:min_tt_025C_1v80": -0.2796129795733391,
    "clock__skew__worst_setup__corner:min_tt_025C_1v80": 0.27980876740926897,
    "timing__hold__ws__corner:min_tt_025C_1v80": 0.3185893861121532,
    "timing__setup__ws__corner:min_tt_025C_1v80": 3.711290491083854,
    "timing__hold__tns__corner:min_tt_025C_1v80": 0,
    "timing__setup__tns__corner:min_tt_025C_1v80": 0,
    "timing__hold__wns__corner:min_tt_025C_1v80": 0,
    "timing__setup__wns__corner:min_tt_025C_1v80": 0,
    "timing__hold_vio__count__corner:min_tt_025C_1v80": 0,
    "timing__hold_r2r__ws__corner:min_tt_025C_1v80": 0.318589,
    "timing__hold_r2r_vio__count__corner:min_tt_025C_1v80": 0,
    "timing__setup_vio__count__corner:min_tt_025C_1v80": 0,
    "timing__setup_r2r__ws__corner:min_tt_025C_1v80": 4.423942,
    "timing__setup_r2r_vio__count__corner:min_tt_025C_1v80": 0,
    "timing__unannotated_net__count__corner:min_tt_025C_1v80": 92,
    "timing__unannotated_net_filtered__count__corner:min_tt_025C_1v80": 0,
    "design__max_slew_violation__count__corner:min_ss_100C_1v60": 16,
    "design__max_fanout_violation__count__corner:min_ss_100C_1v60": 64,
    "design__max_cap_violation__count__corner:min_ss_100C_1v60": 0,
    "clock__skew__worst_hold__corner:min_ss_100C_1v60": -0.29245670601926305,
    "clock__skew__worst_setup__corner:min_ss_100C_1v60": 0.2945632432457638,
    "timing__hold__ws__corner:min_ss_100C_1v60": 0.890894827570702,
    "timing__setup__ws__corner:min_ss_100C_1v60": -0.6922045355054329,
    "timing__hold__tns__corner:min_ss_100C_1v60": 0,
    "timing__setup__tns__corner:min_ss_100C_1v60": -28.885509912682068,
    "timing__hold__wns__corner:min_ss_100C_1v60": 0,
    "timing__setup__wns__corner:min_ss_100C_1v60": -0.6922045355054329,
    "timing__hold_vio__count__corner:min_ss_100C_1v60": 0,
    "timing__hold_r2r__ws__corner:min_ss_100C_1v60": 0.890895,
    "timing__hold_r2r_vio__count__corner:min_ss_100C_1v60": 0,
    "timing__setup_vio__count__corner:min_ss_100C_1v60": 97,
    "timing__setup_r2r__ws__corner:min_ss_100C_1v60": -0.692205,
    "timing__setup_r2r_vio__count__corner:min_ss_100C_1v60": 97,
    "timing__unannotated_net__count__corner:min_ss_100C_1v60": 92,
    "timing__unannotated_net_filtered__count__corner:min_ss_100C_1v60": 0,
    "design__max_slew_violation__count__corner:min_ff_n40C_1v95": 0,
    "design__max_fanout_violation__count__corner:min_ff_n40C_1v95": 64,
    "design__max_cap_violation__count__corner:min_ff_n40C_1v95": 0,
    "clock__skew__worst_hold__corner:min_ff_n40C_1v95": -0.27275818486968034,
    "clock__skew__worst_setup__corner:min_ff_n40C_1v95": 0.2723567282126219,
    "timing__hold__ws__corner:min_ff_n40C_1v95": 0.11188628118463909,
    "timing__setup__ws__corner:min_ff_n40C_1v95": 5.22405022915559,
    "timing__hold__tns__corner:min_ff_n40C_1v95": 0,
    "timing__setup__tns__corner:min_ff_n40C_1v95": 0,
    "timing__hold__wns__corner:min_ff_n40C_1v95": 0,
    "timing__setup__wns__corner:min_ff_n40C_1v95": 0,
    "timing__hold_vio__count__corner:min_ff_n40C_1v95": 0,
    "timing__hold_r2r__ws__corner:min_ff_n40C_1v95": 0.111886,
    "timing__hold_r2r_vio__count__corner:min_ff_n40C_1v95": 0,
    "timing__setup_vio__count__corner:min_ff_n40C_1v95": 0,
    "timing__setup_r2r__ws__corner:min_ff_n40C_1v95": 6.507531,
    "timing__setup_r2r_vio__count__corner:min_ff_n40C_1v95": 0,
    "timing__unannotated_net__count__corner:min_ff_n40C_1v95": 92,
    "timing__unannotated_net_filtered__count__corner:min_ff_n40C_1v95": 0,
    "design__max_slew_violation__count__corner:max_tt_025C_1v80": 0,
    "design__max_fanout_violation__count__corner:max_tt_025C_1v80": 64,
    "design__max_cap_violation__count__corner:max_tt_025C_1v80": 0,
    "clock__skew__worst_hold__corner:max_tt_025C_1v80": -0.28568839769166865,
    "clock__skew__worst_setup__corner:max_tt_025C_1v80": 0.2840449900129885,
    "timing__hold__ws__corner:max_tt_025C_1v80": 0.3271237817661184,
    "timing__setup__ws__corner:max_tt_025C_1v80": 3.598632160786056,
    "timing__hold__tns__corner:max_tt_025C_1v80": 0,
    "timing__setup__tns__corner:max_tt_025C_1v80": 0,
    "timing__hold__wns__corner:max_tt_025C_1v80": 0,
    "timing__setup__wns__corner:max_tt_025C_1v80": 0,
    "timing__hold_vio__count__corner:max_tt_025C_1v80": 0,
    "timing__hold_r2r__ws__corner:max_tt_025C_1v80": 0.327124,
    "timing__hold_r2r_vio__count__corner:max_tt_025C_1v80": 0,
    "timing__setup_vio__count__corner:max_tt_025C_1v80": 0,
    "timing__setup_r2r__ws__corner:max_tt_025C_1v80": 4.283351,
    "timing__setup_r2r_vio__count__corner:max_tt_025C_1v80": 0,
    "timing__unannotated_net__count__corner:max_tt_025C_1v80": 92,
    "timing__unannotated_net_filtered__count__corner:max_tt_025C_1v80": 0,
    "design__max_slew_violation__count__corner:max_ss_100C_1v60": 18,
    "design__max_fanout_violation__count__corner:max_ss_100C_1v60": 64,
    "design__max_cap_violation__count__corner:max_ss_100C_1v60": 0,
    "clock__skew__worst_hold__corner:max_ss_100C_1v60": -0.30045819460633655,
    "clock__skew__worst_setup__corner:max_ss_100C_1v60": 0.3007387479725939,
    "timing__hold__ws__corner:max_ss_100C_1v60": 0.905748945926475,
    "timing__setup__ws__corner:max_ss_100C_1v60": -1.0321868096841205,
    "timing__hold__tns__corner:max_ss_100C_1v60": 0,
    "timing__setup__tns__corner:max_ss_100C_1v60": -74.71126151426209,
    "timing__hold__wns__corner:max_ss_100C_1v60": 0,
    "timing__setup__wns__corner:max_ss_100C_1v60": -1.0321868096841205,
    "timing__hold_vio__count__corner:max_ss_100C_1v60": 0,
    "timing__hold_r2r__ws__corner:max_ss_100C_1v60": 0.905749,
    "timing__hold_r2r_vio__count__corner:max_ss_100C_1v60": 0,
    "timing__setup_vio__count__corner:max_ss_100C_1v60": 139,
    "timing__setup_r2r__ws__corner:max_ss_100C_1v60": -1.032187,
    "timing__setup_r2r_vio__count__corner:max_ss_100C_1v60": 139,
    "timing__unannotated_net__count__corner:max_ss_100C_1v60": 92,
    "timing__unannotated_net_filtered__count__corner:max_ss_100C_1v60": 0,
    "design__max_slew_violation__count__corner:max_ff_n40C_1v95": 0,
    "design__max_fanout_violation__count__corner:max_ff_n40C_1v95": 64,
    "design__max_cap_violation__count__corner:max_ff_n40C_1v95": 0,
    "clock__skew__worst_hold__corner:max_ff_n40C_1v95": -0.27829897507538137,
    "clock__skew__worst_setup__corner:max_ff_n40C_1v95": 0.27692762755658,
    "timing__hold__ws__corner:max_ff_n40C_1v95": 0.11806445044680372,
    "timing__setup__ws__corner:max_ff_n40C_1v95": 5.147558525130843,
    "timing__hold__tns__corner:max_ff_n40C_1v95": 0,
    "timing__setup__tns__corner:max_ff_n40C_1v95": 0,
    "timing__hold__wns__corner:max_ff_n40C_1v95": 0,
    "timing__setup__wns__corner:max_ff_n40C_1v95": 0,
    "timing__hold_vio__count__corner:max_ff_n40C_1v95": 0,
    "timing__hold_r2r__ws__corner:max_ff_n40C_1v95": 0.118064,
    "timing__hold_r2r_vio__count__corner:max_ff_n40C_1v95": 0,
    "timing__setup_vio__count__corner:max_ff_n40C_1v95": 0,
    "timing__setup_r2r__ws__corner:max_ff_n40C_1v95": 6.427323,
    "timing__setup_r2r_vio__count__corner:max_ff_n40C_1v95": 0,
    "timing__unannotated_net__count__corner:max_ff_n40C_1v95": 92,
    "timing__unannotated_net_filtered__count__corner:max_ff_n40C_1v95": 0,
    "timing__unannotated_net__count": 92,
    "timing__unannotated_net_filtered__count": 0,
    "design_powergrid__voltage__worst__net:VPWR__corner:nom_tt_025C_1v80": 1.79767,
    "design_powergrid__drop__average__net:VPWR__corner:nom_tt_025C_1v80": 1.79951,
    "design_powergrid__drop__worst__net:VPWR__corner:nom_tt_025C_1v80": 0.00233149,
    "design_powergrid__voltage__worst__net:VGND__corner:nom_tt_025C_1v80": 0.00190495,
    "design_powergrid__drop__average__net:VGND__corner:nom_tt_025C_1v80": 0.000466589,
    "design_powergrid__drop__worst__net:VGND__corner:nom_tt_025C_1v80": 0.00190495,
    "design_powergrid__voltage__worst": 0.00190495,
    "design_powergrid__voltage__worst__net:VPWR": 1.79767,
    "design_powergrid__drop__worst": 0.00233149,
    "design_powergrid__drop__worst__net:VPWR": 0.00233149,
    "design_powergrid__voltage__worst__net:VGND": 0.00190495,
    "design_powergrid__drop__worst__net:VGND": 0.00190495,
    "ir__voltage__worst": 1.8,
    "ir__drop__avg": 0.000492,
    "ir__drop__worst": 0.00233,
    "design__xor_difference__count": 0,
    "magic__drc_error__count": 0,
    "klayout__drc_error__count": 0,
    "magic__illegal_overlap__count": 0,
    "design__lvs_device_difference__count": 0,
    "design__lvs_net_difference__count": 0,
    "design__lvs_property_fail__count": 0,
    "design__lvs_error__count": 0,
    "design__lvs_unmatched_device__count": 0,
    "design__lvs_unmatched_net__count": 0,
    "design__lvs_unmatched_pin__count": 0
}