{
  "creator": "Yosys 0.46 (git sha1 e97731b9dda91fa5fa53ed87df7c34163ba59a41, clang++ 17.0.6 -fPIC -O3)",
  "modules": {
    "TopModule": {
      "attributes": {
        "hdlname": "TopModule",
        "top": "00000000000000000000000000000001",
        "src": "/Users/ceeem/OpenLane/designs/TopModule/TopModule.v:38.1-57.10"
      },
      "ports": {
        "clk": {
          "direction": "input",
          "bits": [ 2 ]
        },
        "rst_btn": {
          "direction": "input",
          "bits": [ 3 ]
        },
        "seg": {
          "direction": "output",
          "bits": [ 4, 5, 6, 7, 8, 9, 10 ]
        }
      },
      "cells": {
        "$flatten\\counter_inst.$add$/Users/ceeem/OpenLane/designs/TopModule/TopModule.v:13$3": {
          "hide_name": 1,
          "type": "$add",
          "parameters": {
            "A_SIGNED": "00000000000000000000000000000000",
            "A_WIDTH": "00000000000000000000000000000100",
            "B_SIGNED": "00000000000000000000000000000000",
            "B_WIDTH": "00000000000000000000000000100000",
            "Y_WIDTH": "00000000000000000000000000100000"
          },
          "attributes": {
            "src": "/Users/ceeem/OpenLane/designs/TopModule/TopModule.v:13.31-13.40"
          },
          "port_directions": {
            "A": "input",
            "B": "input",
            "Y": "output"
          },
          "connections": {
            "A": [ 11, 12, 13, 14 ],
            "B": [ "1", "0", "0", "0", "0", "0", "0", "0", "0", "0", "0", "0", "0", "0", "0", "0", "0", "0", "0", "0", "0", "0", "0", "0", "0", "0", "0", "0", "0", "0", "0", "0" ],
            "Y": [ 15, 16, 17, 18, 19, 20, 21, 22, 23, 24, 25, 26, 27, 28, 29, 30, 31, 32, 33, 34, 35, 36, 37, 38, 39, 40, 41, 42, 43, 44, 45, 46 ]
          }
        },
        "$flatten\\counter_inst.$procdff$16": {
          "hide_name": 1,
          "type": "$adff",
          "parameters": {
            "ARST_POLARITY": "1",
            "ARST_VALUE": "0000",
            "CLK_POLARITY": "1",
            "WIDTH": "00000000000000000000000000000100"
          },
          "attributes": {
            "src": "/Users/ceeem/OpenLane/designs/TopModule/TopModule.v:7.1-16.4"
          },
          "port_directions": {
            "ARST": "input",
            "CLK": "input",
            "D": "input",
            "Q": "output"
          },
          "connections": {
            "ARST": [ 3 ],
            "CLK": [ 2 ],
            "D": [ 47, 48, 49, 50 ],
            "Q": [ 11, 12, 13, 14 ]
          }
        },
        "$flatten\\counter_inst.$procmux$12": {
          "hide_name": 1,
          "type": "$mux",
          "parameters": {
            "WIDTH": "00000000000000000000000000000100"
          },
          "attributes": {
            "full_case": "00000000000000000000000000000001",
            "src": "/Users/ceeem/OpenLane/designs/TopModule/TopModule.v:0.0-0.0|/Users/ceeem/OpenLane/designs/TopModule/TopModule.v:11.9-14.16"
          },
          "port_directions": {
            "A": "input",
            "B": "input",
            "S": "input",
            "Y": "output"
          },
          "connections": {
            "A": [ 15, 16, 17, 18 ],
            "B": [ "0", "0", "0", "0" ],
            "S": [ 51 ],
            "Y": [ 47, 48, 49, 50 ]
          }
        },
        "$flatten\\counter_inst.$procmux$13_CMP0": {
          "hide_name": 1,
          "type": "$eq",
          "parameters": {
            "A_SIGNED": "00000000000000000000000000000000",
            "A_WIDTH": "00000000000000000000000000000100",
            "B_SIGNED": "00000000000000000000000000000000",
            "B_WIDTH": "00000000000000000000000000000100",
            "Y_WIDTH": "00000000000000000000000000000001"
          },
          "attributes": {
            "full_case": "00000000000000000000000000000001",
            "src": "/Users/ceeem/OpenLane/designs/TopModule/TopModule.v:0.0-0.0|/Users/ceeem/OpenLane/designs/TopModule/TopModule.v:11.9-14.16"
          },
          "port_directions": {
            "A": "input",
            "B": "input",
            "Y": "output"
          },
          "connections": {
            "A": [ 11, 12, 13, 14 ],
            "B": [ "0", "0", "1", "0" ],
            "Y": [ 51 ]
          }
        },
        "$flatten\\decoder_inst.$procmux$10_CMP0": {
          "hide_name": 1,
          "type": "$logic_not",
          "parameters": {
            "A_SIGNED": "00000000000000000000000000000000",
            "A_WIDTH": "00000000000000000000000000000100",
            "Y_WIDTH": "00000000000000000000000000000001"
          },
          "attributes": {
            "full_case": "00000000000000000000000000000001",
            "src": "/Users/ceeem/OpenLane/designs/TopModule/TopModule.v:0.0-0.0|/Users/ceeem/OpenLane/designs/TopModule/TopModule.v:26.5-33.12"
          },
          "port_directions": {
            "A": "input",
            "Y": "output"
          },
          "connections": {
            "A": [ 11, 12, 13, 14 ],
            "Y": [ 52 ]
          }
        },
        "$flatten\\decoder_inst.$procmux$5": {
          "hide_name": 1,
          "type": "$pmux",
          "parameters": {
            "S_WIDTH": "00000000000000000000000000000101",
            "WIDTH": "00000000000000000000000000000111"
          },
          "attributes": {
            "full_case": "00000000000000000000000000000001",
            "src": "/Users/ceeem/OpenLane/designs/TopModule/TopModule.v:0.0-0.0|/Users/ceeem/OpenLane/designs/TopModule/TopModule.v:26.5-33.12"
          },
          "port_directions": {
            "A": "input",
            "B": "input",
            "S": "input",
            "Y": "output"
          },
          "connections": {
            "A": [ "1", "1", "1", "1", "1", "1", "1" ],
            "B": [ "1", "0", "0", "1", "1", "0", "0", "0", "0", "0", "0", "1", "1", "0", "0", "0", "1", "0", "0", "1", "0", "1", "0", "0", "1", "1", "1", "1", "0", "0", "0", "0", "0", "0", "1" ],
            "S": [ 53, 54, 55, 56, 52 ],
            "Y": [ 4, 5, 6, 7, 8, 9, 10 ]
          }
        },
        "$flatten\\decoder_inst.$procmux$6_CMP0": {
          "hide_name": 1,
          "type": "$eq",
          "parameters": {
            "A_SIGNED": "00000000000000000000000000000000",
            "A_WIDTH": "00000000000000000000000000000100",
            "B_SIGNED": "00000000000000000000000000000000",
            "B_WIDTH": "00000000000000000000000000000100",
            "Y_WIDTH": "00000000000000000000000000000001"
          },
          "attributes": {
            "full_case": "00000000000000000000000000000001",
            "src": "/Users/ceeem/OpenLane/designs/TopModule/TopModule.v:0.0-0.0|/Users/ceeem/OpenLane/designs/TopModule/TopModule.v:26.5-33.12"
          },
          "port_directions": {
            "A": "input",
            "B": "input",
            "Y": "output"
          },
          "connections": {
            "A": [ 11, 12, 13, 14 ],
            "B": [ "0", "0", "1", "0" ],
            "Y": [ 53 ]
          }
        },
        "$flatten\\decoder_inst.$procmux$7_CMP0": {
          "hide_name": 1,
          "type": "$eq",
          "parameters": {
            "A_SIGNED": "00000000000000000000000000000000",
            "A_WIDTH": "00000000000000000000000000000100",
            "B_SIGNED": "00000000000000000000000000000000",
            "B_WIDTH": "00000000000000000000000000000100",
            "Y_WIDTH": "00000000000000000000000000000001"
          },
          "attributes": {
            "full_case": "00000000000000000000000000000001",
            "src": "/Users/ceeem/OpenLane/designs/TopModule/TopModule.v:0.0-0.0|/Users/ceeem/OpenLane/designs/TopModule/TopModule.v:26.5-33.12"
          },
          "port_directions": {
            "A": "input",
            "B": "input",
            "Y": "output"
          },
          "connections": {
            "A": [ 11, 12, 13, 14 ],
            "B": [ "1", "1", "0", "0" ],
            "Y": [ 54 ]
          }
        },
        "$flatten\\decoder_inst.$procmux$8_CMP0": {
          "hide_name": 1,
          "type": "$eq",
          "parameters": {
            "A_SIGNED": "00000000000000000000000000000000",
            "A_WIDTH": "00000000000000000000000000000100",
            "B_SIGNED": "00000000000000000000000000000000",
            "B_WIDTH": "00000000000000000000000000000100",
            "Y_WIDTH": "00000000000000000000000000000001"
          },
          "attributes": {
            "full_case": "00000000000000000000000000000001",
            "src": "/Users/ceeem/OpenLane/designs/TopModule/TopModule.v:0.0-0.0|/Users/ceeem/OpenLane/designs/TopModule/TopModule.v:26.5-33.12"
          },
          "port_directions": {
            "A": "input",
            "B": "input",
            "Y": "output"
          },
          "connections": {
            "A": [ 11, 12, 13, 14 ],
            "B": [ "0", "1", "0", "0" ],
            "Y": [ 55 ]
          }
        },
        "$flatten\\decoder_inst.$procmux$9_CMP0": {
          "hide_name": 1,
          "type": "$eq",
          "parameters": {
            "A_SIGNED": "00000000000000000000000000000000",
            "A_WIDTH": "00000000000000000000000000000100",
            "B_SIGNED": "00000000000000000000000000000000",
            "B_WIDTH": "00000000000000000000000000000100",
            "Y_WIDTH": "00000000000000000000000000000001"
          },
          "attributes": {
            "full_case": "00000000000000000000000000000001",
            "src": "/Users/ceeem/OpenLane/designs/TopModule/TopModule.v:0.0-0.0|/Users/ceeem/OpenLane/designs/TopModule/TopModule.v:26.5-33.12"
          },
          "port_directions": {
            "A": "input",
            "B": "input",
            "Y": "output"
          },
          "connections": {
            "A": [ 11, 12, 13, 14 ],
            "B": [ "1", "0", "0", "0" ],
            "Y": [ 56 ]
          }
        }
      },
      "netnames": {
        "$flatten\\counter_inst.$0\\count[3:0]": {
          "hide_name": 1,
          "bits": [ 47, 48, 49, 50 ],
          "attributes": {
            "src": "/Users/ceeem/OpenLane/designs/TopModule/TopModule.v:7.1-16.4"
          }
        },
        "$flatten\\counter_inst.$add$/Users/ceeem/OpenLane/designs/TopModule/TopModule.v:13$3_Y": {
          "hide_name": 1,
          "bits": [ 15, 16, 17, 18, 19, 20, 21, 22, 23, 24, 25, 26, 27, 28, 29, 30, 31, 32, 33, 34, 35, 36, 37, 38, 39, 40, 41, 42, 43, 44, 45, 46 ],
          "attributes": {
            "src": "/Users/ceeem/OpenLane/designs/TopModule/TopModule.v:13.31-13.40",
            "unused_bits": "4 5 6 7 8 9 10 11 12 13 14 15 16 17 18 19 20 21 22 23 24 25 26 27 28 29 30 31"
          }
        },
        "$flatten\\counter_inst.$procmux$13_CMP": {
          "hide_name": 1,
          "bits": [ 51 ],
          "attributes": {
          }
        },
        "$flatten\\decoder_inst.$procmux$10_CMP": {
          "hide_name": 1,
          "bits": [ 52 ],
          "attributes": {
          }
        },
        "$flatten\\decoder_inst.$procmux$6_CMP": {
          "hide_name": 1,
          "bits": [ 53 ],
          "attributes": {
          }
        },
        "$flatten\\decoder_inst.$procmux$7_CMP": {
          "hide_name": 1,
          "bits": [ 54 ],
          "attributes": {
          }
        },
        "$flatten\\decoder_inst.$procmux$8_CMP": {
          "hide_name": 1,
          "bits": [ 55 ],
          "attributes": {
          }
        },
        "$flatten\\decoder_inst.$procmux$9_CMP": {
          "hide_name": 1,
          "bits": [ 56 ],
          "attributes": {
          }
        },
        "clk": {
          "hide_name": 0,
          "bits": [ 2 ],
          "attributes": {
            "src": "/Users/ceeem/OpenLane/designs/TopModule/TopModule.v:39.16-39.19"
          }
        },
        "counter_inst.count": {
          "hide_name": 0,
          "bits": [ 11, 12, 13, 14 ],
          "attributes": {
            "hdlname": "counter_inst count",
            "src": "/Users/ceeem/OpenLane/designs/TopModule/TopModule.v:4.22-4.27"
          }
        },
        "rst_btn": {
          "hide_name": 0,
          "bits": [ 3 ],
          "attributes": {
            "src": "/Users/ceeem/OpenLane/designs/TopModule/TopModule.v:40.16-40.23"
          }
        },
        "seg": {
          "hide_name": 0,
          "bits": [ 4, 5, 6, 7, 8, 9, 10 ],
          "attributes": {
            "src": "/Users/ceeem/OpenLane/designs/TopModule/TopModule.v:41.23-41.26"
          }
        }
      }
    }
  }
}
