Metric,Value
design__lint_error__count,0
design__lint_timing_construct__count,0
design__lint_warning__count,0
design__inferred_latch__count,0
design__instance__count,6121
design__instance__area,69365.3
design__instance_unmapped__count,0
synthesis__check_error__count,0
design__max_slew_violation__count__corner:nom_tt_025C_1v80,7
design__max_fanout_violation__count__corner:nom_tt_025C_1v80,66
design__max_cap_violation__count__corner:nom_tt_025C_1v80,0
power__internal__total,0.011677377857267857
power__switching__total,0.005659987684339285
power__leakage__total,6.718315859188806E-8
power__total,0.017337432131171227
clock__skew__worst_hold__corner:nom_tt_025C_1v80,-0.25
clock__skew__worst_setup__corner:nom_tt_025C_1v80,0.25
timing__hold__ws__corner:nom_tt_025C_1v80,0.7601058886341914
timing__setup__ws__corner:nom_tt_025C_1v80,2.3557245709792802
timing__hold__tns__corner:nom_tt_025C_1v80,0.0
timing__setup__tns__corner:nom_tt_025C_1v80,0.0
timing__hold__wns__corner:nom_tt_025C_1v80,0
timing__setup__wns__corner:nom_tt_025C_1v80,0.0
timing__hold_vio__count__corner:nom_tt_025C_1v80,0
timing__hold_r2r__ws__corner:nom_tt_025C_1v80,0.760106
timing__hold_r2r_vio__count__corner:nom_tt_025C_1v80,0
timing__setup_vio__count__corner:nom_tt_025C_1v80,0
timing__setup_r2r__ws__corner:nom_tt_025C_1v80,Infinity
timing__setup_r2r_vio__count__corner:nom_tt_025C_1v80,0
design__max_slew_violation__count__corner:nom_ss_100C_1v60,41
design__max_fanout_violation__count__corner:nom_ss_100C_1v60,66
design__max_cap_violation__count__corner:nom_ss_100C_1v60,0
clock__skew__worst_hold__corner:nom_ss_100C_1v60,-0.25
clock__skew__worst_setup__corner:nom_ss_100C_1v60,0.25
timing__hold__ws__corner:nom_ss_100C_1v60,1.0866876595043586
timing__setup__ws__corner:nom_ss_100C_1v60,-0.9635572612529156
timing__hold__tns__corner:nom_ss_100C_1v60,0.0
timing__setup__tns__corner:nom_ss_100C_1v60,-13.3979346964578
timing__hold__wns__corner:nom_ss_100C_1v60,0
timing__setup__wns__corner:nom_ss_100C_1v60,-0.9635572612529156
timing__hold_vio__count__corner:nom_ss_100C_1v60,0
timing__hold_r2r__ws__corner:nom_ss_100C_1v60,1.767093
timing__hold_r2r_vio__count__corner:nom_ss_100C_1v60,0
timing__setup_vio__count__corner:nom_ss_100C_1v60,30
timing__setup_r2r__ws__corner:nom_ss_100C_1v60,Infinity
timing__setup_r2r_vio__count__corner:nom_ss_100C_1v60,0
design__max_slew_violation__count__corner:nom_ff_n40C_1v95,0
design__max_fanout_violation__count__corner:nom_ff_n40C_1v95,66
design__max_cap_violation__count__corner:nom_ff_n40C_1v95,0
clock__skew__worst_hold__corner:nom_ff_n40C_1v95,-0.25
clock__skew__worst_setup__corner:nom_ff_n40C_1v95,0.25
timing__hold__ws__corner:nom_ff_n40C_1v95,0.4206379252862072
timing__setup__ws__corner:nom_ff_n40C_1v95,3.6549173611019365
timing__hold__tns__corner:nom_ff_n40C_1v95,0.0
timing__setup__tns__corner:nom_ff_n40C_1v95,0.0
timing__hold__wns__corner:nom_ff_n40C_1v95,0
timing__setup__wns__corner:nom_ff_n40C_1v95,0.0
timing__hold_vio__count__corner:nom_ff_n40C_1v95,0
timing__hold_r2r__ws__corner:nom_ff_n40C_1v95,0.420638
timing__hold_r2r_vio__count__corner:nom_ff_n40C_1v95,0
timing__setup_vio__count__corner:nom_ff_n40C_1v95,0
timing__setup_r2r__ws__corner:nom_ff_n40C_1v95,Infinity
timing__setup_r2r_vio__count__corner:nom_ff_n40C_1v95,0
design__max_slew_violation__count,55
design__max_fanout_violation__count,66
design__max_cap_violation__count,0
clock__skew__worst_hold,-0.25
clock__skew__worst_setup,0.25
timing__hold__ws,0.41870869068175354
timing__setup__ws,-1.159509854284334
timing__hold__tns,0.0
timing__setup__tns,-18.13890244902994
timing__hold__wns,0
timing__setup__wns,-1.159509854284334
timing__hold_vio__count,0
timing__hold_r2r__ws,0.418709
timing__hold_r2r_vio__count,0
timing__setup_vio__count,83
timing__setup_r2r__ws,inf
timing__setup_r2r_vio__count,0
design__die__bbox,0.0 0.0 350.0 350.0
design__core__bbox,30.36 32.64 319.7 318.24
design__io,115
design__die__area,122500
design__core__area,82635.5
design__instance__count__stdcell,6121
design__instance__area__stdcell,69365.3
design__instance__count__macros,0
design__instance__area__macros,0
design__instance__utilization,0.839413
design__instance__utilization__stdcell,0.839413
design__instance__count__class:inverter,3
design__instance__count__class:sequential_cell,1024
design__instance__count__class:multi_input_combinational_cell,2076
flow__warnings__count,1
flow__errors__count,0
design__instance__count__class:fill_cell,2767
design__instance__count__class:tap_cell,1177
design__power_grid_violation__count__net:VGND,0
design__power_grid_violation__count__net:VPWR,0
design__power_grid_violation__count,0
floorplan__design__io,113
design__io__hpwl,17258241
timing__drv__floating__nets,0
timing__drv__floating__pins,0
design__instance__displacement__total,0
design__instance__displacement__mean,0
design__instance__displacement__max,0
route__wirelength__estimated,170131
design__violations,0
design__instance__count__class:timing_repair_buffer,1606
design__instance__count__class:clock_buffer,111
design__instance__count__class:clock_inverter,83
design__instance__count__setup_buffer,0
design__instance__count__hold_buffer,1024
antenna__violating__nets,8
antenna__violating__pins,8
route__antenna_violation__count,8
antenna_diodes_count,41
design__instance__count__class:antenna_cell,41
route__net,4862
route__net__special,2
route__drc_errors__iter:1,3534
route__wirelength__iter:1,208819
route__drc_errors__iter:2,1351
route__wirelength__iter:2,206520
route__drc_errors__iter:3,1358
route__wirelength__iter:3,206547
route__drc_errors__iter:4,108
route__wirelength__iter:4,206228
route__drc_errors__iter:5,1
route__wirelength__iter:5,206206
route__drc_errors__iter:6,1
route__wirelength__iter:6,206206
route__drc_errors__iter:7,1
route__wirelength__iter:7,206208
route__drc_errors__iter:8,1
route__wirelength__iter:8,206207
route__drc_errors__iter:9,1
route__wirelength__iter:9,206208
route__drc_errors__iter:10,1
route__wirelength__iter:10,206207
route__drc_errors__iter:11,1
route__wirelength__iter:11,206208
route__drc_errors__iter:12,1
route__wirelength__iter:12,206208
route__drc_errors__iter:13,1
route__wirelength__iter:13,206208
route__drc_errors__iter:14,1
route__wirelength__iter:14,206208
route__drc_errors__iter:15,1
route__wirelength__iter:15,206207
route__drc_errors__iter:16,1
route__wirelength__iter:16,206208
route__drc_errors__iter:17,1
route__wirelength__iter:17,206207
route__drc_errors__iter:18,1
route__wirelength__iter:18,206099
route__drc_errors__iter:19,0
route__wirelength__iter:19,206099
route__drc_errors,0
route__wirelength,206099
route__vias,40650
route__vias__singlecut,40650
route__vias__multicut,0
design__disconnected_pin__count,0
design__critical_disconnected_pin__count,0
route__wirelength__max,598.53
timing__unannotated_net__count__corner:nom_tt_025C_1v80,90
timing__unannotated_net_filtered__count__corner:nom_tt_025C_1v80,0
timing__unannotated_net__count__corner:nom_ss_100C_1v60,90
timing__unannotated_net_filtered__count__corner:nom_ss_100C_1v60,0
timing__unannotated_net__count__corner:nom_ff_n40C_1v95,90
timing__unannotated_net_filtered__count__corner:nom_ff_n40C_1v95,0
design__max_slew_violation__count__corner:min_tt_025C_1v80,0
design__max_fanout_violation__count__corner:min_tt_025C_1v80,66
design__max_cap_violation__count__corner:min_tt_025C_1v80,0
clock__skew__worst_hold__corner:min_tt_025C_1v80,-0.25
clock__skew__worst_setup__corner:min_tt_025C_1v80,0.25
timing__hold__ws__corner:min_tt_025C_1v80,0.7571806729261783
timing__setup__ws__corner:min_tt_025C_1v80,2.4721176916375445
timing__hold__tns__corner:min_tt_025C_1v80,0.0
timing__setup__tns__corner:min_tt_025C_1v80,0.0
timing__hold__wns__corner:min_tt_025C_1v80,0
timing__setup__wns__corner:min_tt_025C_1v80,0.0
timing__hold_vio__count__corner:min_tt_025C_1v80,0
timing__hold_r2r__ws__corner:min_tt_025C_1v80,0.757181
timing__hold_r2r_vio__count__corner:min_tt_025C_1v80,0
timing__setup_vio__count__corner:min_tt_025C_1v80,0
timing__setup_r2r__ws__corner:min_tt_025C_1v80,Infinity
timing__setup_r2r_vio__count__corner:min_tt_025C_1v80,0
timing__unannotated_net__count__corner:min_tt_025C_1v80,90
timing__unannotated_net_filtered__count__corner:min_tt_025C_1v80,0
design__max_slew_violation__count__corner:min_ss_100C_1v60,41
design__max_fanout_violation__count__corner:min_ss_100C_1v60,66
design__max_cap_violation__count__corner:min_ss_100C_1v60,0
clock__skew__worst_hold__corner:min_ss_100C_1v60,-0.25
clock__skew__worst_setup__corner:min_ss_100C_1v60,0.25
timing__hold__ws__corner:min_ss_100C_1v60,1.1286487619514125
timing__setup__ws__corner:min_ss_100C_1v60,-0.74573949126693
timing__hold__tns__corner:min_ss_100C_1v60,0.0
timing__setup__tns__corner:min_ss_100C_1v60,-8.433341375049002
timing__hold__wns__corner:min_ss_100C_1v60,0
timing__setup__wns__corner:min_ss_100C_1v60,-0.74573949126693
timing__hold_vio__count__corner:min_ss_100C_1v60,0
timing__hold_r2r__ws__corner:min_ss_100C_1v60,1.762726
timing__hold_r2r_vio__count__corner:min_ss_100C_1v60,0
timing__setup_vio__count__corner:min_ss_100C_1v60,23
timing__setup_r2r__ws__corner:min_ss_100C_1v60,Infinity
timing__setup_r2r_vio__count__corner:min_ss_100C_1v60,0
timing__unannotated_net__count__corner:min_ss_100C_1v60,90
timing__unannotated_net_filtered__count__corner:min_ss_100C_1v60,0
design__max_slew_violation__count__corner:min_ff_n40C_1v95,0
design__max_fanout_violation__count__corner:min_ff_n40C_1v95,66
design__max_cap_violation__count__corner:min_ff_n40C_1v95,0
clock__skew__worst_hold__corner:min_ff_n40C_1v95,-0.25
clock__skew__worst_setup__corner:min_ff_n40C_1v95,0.25
timing__hold__ws__corner:min_ff_n40C_1v95,0.41870869068175354
timing__setup__ws__corner:min_ff_n40C_1v95,3.7397903610212233
timing__hold__tns__corner:min_ff_n40C_1v95,0.0
timing__setup__tns__corner:min_ff_n40C_1v95,0.0
timing__hold__wns__corner:min_ff_n40C_1v95,0
timing__setup__wns__corner:min_ff_n40C_1v95,0.0
timing__hold_vio__count__corner:min_ff_n40C_1v95,0
timing__hold_r2r__ws__corner:min_ff_n40C_1v95,0.418709
timing__hold_r2r_vio__count__corner:min_ff_n40C_1v95,0
timing__setup_vio__count__corner:min_ff_n40C_1v95,0
timing__setup_r2r__ws__corner:min_ff_n40C_1v95,Infinity
timing__setup_r2r_vio__count__corner:min_ff_n40C_1v95,0
timing__unannotated_net__count__corner:min_ff_n40C_1v95,90
timing__unannotated_net_filtered__count__corner:min_ff_n40C_1v95,0
design__max_slew_violation__count__corner:max_tt_025C_1v80,12
design__max_fanout_violation__count__corner:max_tt_025C_1v80,66
design__max_cap_violation__count__corner:max_tt_025C_1v80,0
clock__skew__worst_hold__corner:max_tt_025C_1v80,-0.25
clock__skew__worst_setup__corner:max_tt_025C_1v80,0.25
timing__hold__ws__corner:max_tt_025C_1v80,0.7634793013899216
timing__setup__ws__corner:max_tt_025C_1v80,2.2512254919648162
timing__hold__tns__corner:max_tt_025C_1v80,0.0
timing__setup__tns__corner:max_tt_025C_1v80,0.0
timing__hold__wns__corner:max_tt_025C_1v80,0
timing__setup__wns__corner:max_tt_025C_1v80,0.0
timing__hold_vio__count__corner:max_tt_025C_1v80,0
timing__hold_r2r__ws__corner:max_tt_025C_1v80,0.763479
timing__hold_r2r_vio__count__corner:max_tt_025C_1v80,0
timing__setup_vio__count__corner:max_tt_025C_1v80,0
timing__setup_r2r__ws__corner:max_tt_025C_1v80,Infinity
timing__setup_r2r_vio__count__corner:max_tt_025C_1v80,0
timing__unannotated_net__count__corner:max_tt_025C_1v80,90
timing__unannotated_net_filtered__count__corner:max_tt_025C_1v80,0
design__max_slew_violation__count__corner:max_ss_100C_1v60,55
design__max_fanout_violation__count__corner:max_ss_100C_1v60,66
design__max_cap_violation__count__corner:max_ss_100C_1v60,0
clock__skew__worst_hold__corner:max_ss_100C_1v60,-0.25
clock__skew__worst_setup__corner:max_ss_100C_1v60,0.25
timing__hold__ws__corner:max_ss_100C_1v60,1.0600540745241667
timing__setup__ws__corner:max_ss_100C_1v60,-1.159509854284334
timing__hold__tns__corner:max_ss_100C_1v60,0.0
timing__setup__tns__corner:max_ss_100C_1v60,-18.13890244902994
timing__hold__wns__corner:max_ss_100C_1v60,0
timing__setup__wns__corner:max_ss_100C_1v60,-1.159509854284334
timing__hold_vio__count__corner:max_ss_100C_1v60,0
timing__hold_r2r__ws__corner:max_ss_100C_1v60,1.772852
timing__hold_r2r_vio__count__corner:max_ss_100C_1v60,0
timing__setup_vio__count__corner:max_ss_100C_1v60,30
timing__setup_r2r__ws__corner:max_ss_100C_1v60,Infinity
timing__setup_r2r_vio__count__corner:max_ss_100C_1v60,0
timing__unannotated_net__count__corner:max_ss_100C_1v60,90
timing__unannotated_net_filtered__count__corner:max_ss_100C_1v60,0
design__max_slew_violation__count__corner:max_ff_n40C_1v95,0
design__max_fanout_violation__count__corner:max_ff_n40C_1v95,66
design__max_cap_violation__count__corner:max_ff_n40C_1v95,0
clock__skew__worst_hold__corner:max_ff_n40C_1v95,-0.25
clock__skew__worst_setup__corner:max_ff_n40C_1v95,0.25
timing__hold__ws__corner:max_ff_n40C_1v95,0.4230318992619126
timing__setup__ws__corner:max_ff_n40C_1v95,3.5796344679405885
timing__hold__tns__corner:max_ff_n40C_1v95,0.0
timing__setup__tns__corner:max_ff_n40C_1v95,0.0
timing__hold__wns__corner:max_ff_n40C_1v95,0
timing__setup__wns__corner:max_ff_n40C_1v95,0.0
timing__hold_vio__count__corner:max_ff_n40C_1v95,0
timing__hold_r2r__ws__corner:max_ff_n40C_1v95,0.423032
timing__hold_r2r_vio__count__corner:max_ff_n40C_1v95,0
timing__setup_vio__count__corner:max_ff_n40C_1v95,0
timing__setup_r2r__ws__corner:max_ff_n40C_1v95,Infinity
timing__setup_r2r_vio__count__corner:max_ff_n40C_1v95,0
timing__unannotated_net__count__corner:max_ff_n40C_1v95,90
timing__unannotated_net_filtered__count__corner:max_ff_n40C_1v95,0
timing__unannotated_net__count,90
timing__unannotated_net_filtered__count,0
design_powergrid__voltage__worst__net:VPWR__corner:nom_tt_025C_1v80,1.79739
design_powergrid__drop__average__net:VPWR__corner:nom_tt_025C_1v80,1.79941
design_powergrid__drop__worst__net:VPWR__corner:nom_tt_025C_1v80,0.00261163
design_powergrid__voltage__worst__net:VGND__corner:nom_tt_025C_1v80,0.00209879
design_powergrid__drop__average__net:VGND__corner:nom_tt_025C_1v80,0.000559246
design_powergrid__drop__worst__net:VGND__corner:nom_tt_025C_1v80,0.00209879
design_powergrid__voltage__worst,0.00209879
design_powergrid__voltage__worst__net:VPWR,1.79739
design_powergrid__drop__worst,0.00261163
design_powergrid__drop__worst__net:VPWR,0.00261163
design_powergrid__voltage__worst__net:VGND,0.00209879
design_powergrid__drop__worst__net:VGND,0.00209879
ir__voltage__worst,1.8000000000000000444089209850062616169452667236328125
ir__drop__avg,0.000591999999999999969822750411907463785610161721706390380859375
ir__drop__worst,0.0026099999999999999068800438095649951719678938388824462890625
design__xor_difference__count,0
magic__drc_error__count,0
klayout__drc_error__count,0
magic__illegal_overlap__count,0
design__lvs_device_difference__count,0
design__lvs_net_difference__count,0
design__lvs_property_fail__count,0
design__lvs_error__count,0
design__lvs_unmatched_device__count,0
design__lvs_unmatched_net__count,0
design__lvs_unmatched_pin__count,0
