Metric,Value
design__lint_error__count,0
design__lint_timing_construct__count,0
design__lint_warning__count,7
design__inferred_latch__count,0
design__instance__count,2151
design__instance__area,3483.34
design__instance_unmapped__count,0
synthesis__check_error__count,0
design__max_slew_violation__count__corner:nom_tt_025C_1v80,0
design__max_fanout_violation__count__corner:nom_tt_025C_1v80,0
design__max_cap_violation__count__corner:nom_tt_025C_1v80,0
power__internal__total,0.0001270470820600167
power__switching__total,0.000033291267754975706
power__leakage__total,1.0082125356802862E-8
power__total,0.00016034844156820327
clock__skew__worst_hold__corner:nom_tt_025C_1v80,-0.25151070826790883
clock__skew__worst_setup__corner:nom_tt_025C_1v80,0.2519596547161887
timing__hold__ws__corner:nom_tt_025C_1v80,0.3279321351732098
timing__setup__ws__corner:nom_tt_025C_1v80,6.002681188680299
timing__hold__tns__corner:nom_tt_025C_1v80,0.0
timing__setup__tns__corner:nom_tt_025C_1v80,0.0
timing__hold__wns__corner:nom_tt_025C_1v80,0
timing__setup__wns__corner:nom_tt_025C_1v80,0.0
timing__hold_vio__count__corner:nom_tt_025C_1v80,0
timing__hold_r2r__ws__corner:nom_tt_025C_1v80,0.327932
timing__hold_r2r_vio__count__corner:nom_tt_025C_1v80,0
timing__setup_vio__count__corner:nom_tt_025C_1v80,0
timing__setup_r2r__ws__corner:nom_tt_025C_1v80,8.434796
timing__setup_r2r_vio__count__corner:nom_tt_025C_1v80,0
design__max_slew_violation__count__corner:nom_ss_100C_1v60,0
design__max_fanout_violation__count__corner:nom_ss_100C_1v60,0
design__max_cap_violation__count__corner:nom_ss_100C_1v60,0
clock__skew__worst_hold__corner:nom_ss_100C_1v60,-0.2527653435879456
clock__skew__worst_setup__corner:nom_ss_100C_1v60,0.2532026604497136
timing__hold__ws__corner:nom_ss_100C_1v60,0.6949814254131612
timing__setup__ws__corner:nom_ss_100C_1v60,4.357146766714047
timing__hold__tns__corner:nom_ss_100C_1v60,0.0
timing__setup__tns__corner:nom_ss_100C_1v60,0.0
timing__hold__wns__corner:nom_ss_100C_1v60,0
timing__setup__wns__corner:nom_ss_100C_1v60,0.0
timing__hold_vio__count__corner:nom_ss_100C_1v60,0
timing__hold_r2r__ws__corner:nom_ss_100C_1v60,0.904274
timing__hold_r2r_vio__count__corner:nom_ss_100C_1v60,0
timing__setup_vio__count__corner:nom_ss_100C_1v60,0
timing__setup_r2r__ws__corner:nom_ss_100C_1v60,7.006647
timing__setup_r2r_vio__count__corner:nom_ss_100C_1v60,0
design__max_slew_violation__count__corner:nom_ff_n40C_1v95,0
design__max_fanout_violation__count__corner:nom_ff_n40C_1v95,0
design__max_cap_violation__count__corner:nom_ff_n40C_1v95,0
clock__skew__worst_hold__corner:nom_ff_n40C_1v95,-0.2514132306835899
clock__skew__worst_setup__corner:nom_ff_n40C_1v95,0.2518711699386235
timing__hold__ws__corner:nom_ff_n40C_1v95,0.1094717125712444
timing__setup__ws__corner:nom_ff_n40C_1v95,6.646206884071286
timing__hold__tns__corner:nom_ff_n40C_1v95,0.0
timing__setup__tns__corner:nom_ff_n40C_1v95,0.0
timing__hold__wns__corner:nom_ff_n40C_1v95,0
timing__setup__wns__corner:nom_ff_n40C_1v95,0.0
timing__hold_vio__count__corner:nom_ff_n40C_1v95,0
timing__hold_r2r__ws__corner:nom_ff_n40C_1v95,0.109472
timing__hold_r2r_vio__count__corner:nom_ff_n40C_1v95,0
timing__setup_vio__count__corner:nom_ff_n40C_1v95,0
timing__setup_r2r__ws__corner:nom_ff_n40C_1v95,8.925320
timing__setup_r2r_vio__count__corner:nom_ff_n40C_1v95,0
design__max_slew_violation__count,0
design__max_fanout_violation__count,0
design__max_cap_violation__count,0
clock__skew__worst_hold,-0.2513235246606631
clock__skew__worst_setup,0.2516491253274187
timing__hold__ws,0.10754503147981964
timing__setup__ws,4.317670787555598
timing__hold__tns,0.0
timing__setup__tns,0.0
timing__hold__wns,0
timing__setup__wns,0.0
timing__hold_vio__count,0
timing__hold_r2r__ws,0.107545
timing__hold_r2r_vio__count,0
timing__setup_vio__count,0
timing__setup_r2r__ws,7.002582
timing__setup_r2r_vio__count,0
design__die__bbox,0.0 0.0 400.0 400.0
design__core__bbox,10.12 10.88 389.62 388.96
design__io,38
design__die__area,160000
design__core__area,143481
design__instance__count__stdcell,2151
design__instance__area__stdcell,3483.34
design__instance__count__macros,0
design__instance__area__macros,0
design__instance__utilization,0.0242773
design__instance__utilization__stdcell,0.0242773
design__instance__count__class:buffer,2
design__instance__count__class:inverter,16
design__instance__count__class:sequential_cell,13
design__instance__count__class:multi_input_combinational_cell,57
flow__warnings__count,1
flow__errors__count,0
design__instance__count__class:fill_cell,12546
design__instance__count__class:tap_cell,2044
design__power_grid_violation__count__net:VGND,0
design__power_grid_violation__count__net:VPWR,0
design__power_grid_violation__count,0
floorplan__design__io,36
design__io__hpwl,3309842
timing__drv__floating__nets,0
timing__drv__floating__pins,0
design__instance__displacement__total,0
design__instance__displacement__mean,0
design__instance__displacement__max,0
route__wirelength__estimated,2062.48
design__violations,0
design__instance__count__class:timing_repair_buffer,15
design__instance__count__class:clock_buffer,4
design__instance__count__setup_buffer,0
design__instance__count__hold_buffer,9
antenna__violating__nets,0
antenna__violating__pins,0
route__antenna_violation__count,0
antenna_diodes_count,0
route__net,110
route__net__special,2
route__drc_errors__iter:1,4
route__wirelength__iter:1,2121
route__drc_errors__iter:2,0
route__wirelength__iter:2,2122
route__drc_errors,0
route__wirelength,2122
route__vias,508
route__vias__singlecut,508
route__vias__multicut,0
design__disconnected_pin__count,2
design__critical_disconnected_pin__count,0
route__wirelength__max,357.41
timing__unannotated_net__count__corner:nom_tt_025C_1v80,31
timing__unannotated_net_filtered__count__corner:nom_tt_025C_1v80,0
timing__unannotated_net__count__corner:nom_ss_100C_1v60,31
timing__unannotated_net_filtered__count__corner:nom_ss_100C_1v60,0
timing__unannotated_net__count__corner:nom_ff_n40C_1v95,31
timing__unannotated_net_filtered__count__corner:nom_ff_n40C_1v95,0
design__max_slew_violation__count__corner:min_tt_025C_1v80,0
design__max_fanout_violation__count__corner:min_tt_025C_1v80,0
design__max_cap_violation__count__corner:min_tt_025C_1v80,0
clock__skew__worst_hold__corner:min_tt_025C_1v80,-0.25163991047605366
clock__skew__worst_setup__corner:min_tt_025C_1v80,0.25195860000428544
timing__hold__ws__corner:min_tt_025C_1v80,0.3251474181929366
timing__setup__ws__corner:min_tt_025C_1v80,6.027220226842995
timing__hold__tns__corner:min_tt_025C_1v80,0.0
timing__setup__tns__corner:min_tt_025C_1v80,0.0
timing__hold__wns__corner:min_tt_025C_1v80,0
timing__setup__wns__corner:min_tt_025C_1v80,0.0
timing__hold_vio__count__corner:min_tt_025C_1v80,0
timing__hold_r2r__ws__corner:min_tt_025C_1v80,0.325147
timing__hold_r2r_vio__count__corner:min_tt_025C_1v80,0
timing__setup_vio__count__corner:min_tt_025C_1v80,0
timing__setup_r2r__ws__corner:min_tt_025C_1v80,8.436362
timing__setup_r2r_vio__count__corner:min_tt_025C_1v80,0
timing__unannotated_net__count__corner:min_tt_025C_1v80,31
timing__unannotated_net_filtered__count__corner:min_tt_025C_1v80,0
design__max_slew_violation__count__corner:min_ss_100C_1v60,0
design__max_fanout_violation__count__corner:min_ss_100C_1v60,0
design__max_cap_violation__count__corner:min_ss_100C_1v60,0
clock__skew__worst_hold__corner:min_ss_100C_1v60,-0.25259448025962344
clock__skew__worst_setup__corner:min_ss_100C_1v60,0.25290428800340703
timing__hold__ws__corner:min_ss_100C_1v60,0.7109228962300045
timing__setup__ws__corner:min_ss_100C_1v60,4.39673954133799
timing__hold__tns__corner:min_ss_100C_1v60,0.0
timing__setup__tns__corner:min_ss_100C_1v60,0.0
timing__hold__wns__corner:min_ss_100C_1v60,0
timing__setup__wns__corner:min_ss_100C_1v60,0.0
timing__hold_vio__count__corner:min_ss_100C_1v60,0
timing__hold_r2r__ws__corner:min_ss_100C_1v60,0.899563
timing__hold_r2r_vio__count__corner:min_ss_100C_1v60,0
timing__setup_vio__count__corner:min_ss_100C_1v60,0
timing__setup_r2r__ws__corner:min_ss_100C_1v60,7.009552
timing__setup_r2r_vio__count__corner:min_ss_100C_1v60,0
timing__unannotated_net__count__corner:min_ss_100C_1v60,31
timing__unannotated_net_filtered__count__corner:min_ss_100C_1v60,0
design__max_slew_violation__count__corner:min_ff_n40C_1v95,0
design__max_fanout_violation__count__corner:min_ff_n40C_1v95,0
design__max_cap_violation__count__corner:min_ff_n40C_1v95,0
clock__skew__worst_hold__corner:min_ff_n40C_1v95,-0.2513235246606631
clock__skew__worst_setup__corner:min_ff_n40C_1v95,0.2516491253274187
timing__hold__ws__corner:min_ff_n40C_1v95,0.10754503147981964
timing__setup__ws__corner:min_ff_n40C_1v95,6.661904549905026
timing__hold__tns__corner:min_ff_n40C_1v95,0.0
timing__setup__tns__corner:min_ff_n40C_1v95,0.0
timing__hold__wns__corner:min_ff_n40C_1v95,0
timing__setup__wns__corner:min_ff_n40C_1v95,0.0
timing__hold_vio__count__corner:min_ff_n40C_1v95,0
timing__hold_r2r__ws__corner:min_ff_n40C_1v95,0.107545
timing__hold_r2r_vio__count__corner:min_ff_n40C_1v95,0
timing__setup_vio__count__corner:min_ff_n40C_1v95,0
timing__setup_r2r__ws__corner:min_ff_n40C_1v95,8.928746
timing__setup_r2r_vio__count__corner:min_ff_n40C_1v95,0
timing__unannotated_net__count__corner:min_ff_n40C_1v95,31
timing__unannotated_net_filtered__count__corner:min_ff_n40C_1v95,0
design__max_slew_violation__count__corner:max_tt_025C_1v80,0
design__max_fanout_violation__count__corner:max_tt_025C_1v80,0
design__max_cap_violation__count__corner:max_tt_025C_1v80,0
clock__skew__worst_hold__corner:max_tt_025C_1v80,-0.2518396951149853
clock__skew__worst_setup__corner:max_tt_025C_1v80,0.25262739837323456
timing__hold__ws__corner:max_tt_025C_1v80,0.33052617134361084
timing__setup__ws__corner:max_tt_025C_1v80,5.979132025394354
timing__hold__tns__corner:max_tt_025C_1v80,0.0
timing__setup__tns__corner:max_tt_025C_1v80,0.0
timing__hold__wns__corner:max_tt_025C_1v80,0
timing__setup__wns__corner:max_tt_025C_1v80,0.0
timing__hold_vio__count__corner:max_tt_025C_1v80,0
timing__hold_r2r__ws__corner:max_tt_025C_1v80,0.330526
timing__hold_r2r_vio__count__corner:max_tt_025C_1v80,0
timing__setup_vio__count__corner:max_tt_025C_1v80,0
timing__setup_r2r__ws__corner:max_tt_025C_1v80,8.432860
timing__setup_r2r_vio__count__corner:max_tt_025C_1v80,0
timing__unannotated_net__count__corner:max_tt_025C_1v80,31
timing__unannotated_net_filtered__count__corner:max_tt_025C_1v80,0
design__max_slew_violation__count__corner:max_ss_100C_1v60,0
design__max_fanout_violation__count__corner:max_ss_100C_1v60,0
design__max_cap_violation__count__corner:max_ss_100C_1v60,0
clock__skew__worst_hold__corner:max_ss_100C_1v60,-0.2532985837217541
clock__skew__worst_setup__corner:max_ss_100C_1v60,0.25406780176612065
timing__hold__ws__corner:max_ss_100C_1v60,0.6826112091006317
timing__setup__ws__corner:max_ss_100C_1v60,4.317670787555598
timing__hold__tns__corner:max_ss_100C_1v60,0.0
timing__setup__tns__corner:max_ss_100C_1v60,0.0
timing__hold__wns__corner:max_ss_100C_1v60,0
timing__setup__wns__corner:max_ss_100C_1v60,0.0
timing__hold_vio__count__corner:max_ss_100C_1v60,0
timing__hold_r2r__ws__corner:max_ss_100C_1v60,0.908690
timing__hold_r2r_vio__count__corner:max_ss_100C_1v60,0
timing__setup_vio__count__corner:max_ss_100C_1v60,0
timing__setup_r2r__ws__corner:max_ss_100C_1v60,7.002582
timing__setup_r2r_vio__count__corner:max_ss_100C_1v60,0
timing__unannotated_net__count__corner:max_ss_100C_1v60,31
timing__unannotated_net_filtered__count__corner:max_ss_100C_1v60,0
design__max_slew_violation__count__corner:max_ff_n40C_1v95,0
design__max_fanout_violation__count__corner:max_ff_n40C_1v95,0
design__max_cap_violation__count__corner:max_ff_n40C_1v95,0
clock__skew__worst_hold__corner:max_ff_n40C_1v95,-0.2517283952536188
clock__skew__worst_setup__corner:max_ff_n40C_1v95,0.25253008732237403
timing__hold__ws__corner:max_ff_n40C_1v95,0.1111910595069566
timing__setup__ws__corner:max_ff_n40C_1v95,6.6304879019548695
timing__hold__tns__corner:max_ff_n40C_1v95,0.0
timing__setup__tns__corner:max_ff_n40C_1v95,0.0
timing__hold__wns__corner:max_ff_n40C_1v95,0
timing__setup__wns__corner:max_ff_n40C_1v95,0.0
timing__hold_vio__count__corner:max_ff_n40C_1v95,0
timing__hold_r2r__ws__corner:max_ff_n40C_1v95,0.111191
timing__hold_r2r_vio__count__corner:max_ff_n40C_1v95,0
timing__setup_vio__count__corner:max_ff_n40C_1v95,0
timing__setup_r2r__ws__corner:max_ff_n40C_1v95,8.922723
timing__setup_r2r_vio__count__corner:max_ff_n40C_1v95,0
timing__unannotated_net__count__corner:max_ff_n40C_1v95,31
timing__unannotated_net_filtered__count__corner:max_ff_n40C_1v95,0
timing__unannotated_net__count,31
timing__unannotated_net_filtered__count,0
design_powergrid__voltage__worst__net:VPWR__corner:nom_tt_025C_1v80,1.79985
design_powergrid__drop__average__net:VPWR__corner:nom_tt_025C_1v80,1.8
design_powergrid__drop__worst__net:VPWR__corner:nom_tt_025C_1v80,0.00015275
design_powergrid__voltage__worst__net:VGND__corner:nom_tt_025C_1v80,0.000125529
design_powergrid__drop__average__net:VGND__corner:nom_tt_025C_1v80,0.00000152021
design_powergrid__drop__worst__net:VGND__corner:nom_tt_025C_1v80,0.000125529
design_powergrid__voltage__worst,0.000125529
design_powergrid__voltage__worst__net:VPWR,1.79985
design_powergrid__drop__worst,0.00015275
design_powergrid__drop__worst__net:VPWR,0.00015275
design_powergrid__voltage__worst__net:VGND,0.000125529
design_powergrid__drop__worst__net:VGND,0.000125529
ir__voltage__worst,1.8000000000000000444089209850062616169452667236328125
ir__drop__avg,0.00000146999999999999990171598886201653755279039614833891391754150390625
ir__drop__worst,0.00015300000000000000557019708136152758015668950974941253662109375
design__xor_difference__count,0
magic__drc_error__count,0
klayout__drc_error__count,0
magic__illegal_overlap__count,0
design__lvs_device_difference__count,0
design__lvs_net_difference__count,0
design__lvs_property_fail__count,0
design__lvs_error__count,0
design__lvs_unmatched_device__count,0
design__lvs_unmatched_net__count,0
design__lvs_unmatched_pin__count,0
