{
  "creator": "Yosys 0.46 (git sha1 e97731b9dda91fa5fa53ed87df7c34163ba59a41, clang++ 17.0.6 -fPIC -O3)",
  "modules": {
    "twos_comp_proj": {
      "attributes": {
        "hdlname": "twos_comp_proj",
        "top": "00000000000000000000000000000001",
        "src": "designs/twos_comp_proj/src/twos_comp_proj.v:2.1-9.10"
      },
      "ports": {
        "in": {
          "direction": "input",
          "bits": [ 2, 3, 4, 5, 6, 7, 8, 9 ]
        },
        "out": {
          "direction": "output",
          "bits": [ 10, 11, 12, 13, 14, 15, 16, 17 ]
        }
      },
      "cells": {
        "$add$designs/twos_comp_proj/src/twos_comp_proj.v:7$3": {
          "hide_name": 1,
          "type": "$add",
          "parameters": {
            "A_SIGNED": "00000000000000000000000000000000",
            "A_WIDTH": "00000000000000000000000000100000",
            "B_SIGNED": "00000000000000000000000000000000",
            "B_WIDTH": "00000000000000000000000000100000",
            "Y_WIDTH": "00000000000000000000000000100000"
          },
          "attributes": {
            "src": "designs/twos_comp_proj/src/twos_comp_proj.v:7.14-7.21"
          },
          "port_directions": {
            "A": "input",
            "B": "input",
            "Y": "output"
          },
          "connections": {
            "A": [ 18, 19, 20, 21, 22, 23, 24, 25, 26, 27, 28, 29, 30, 31, 32, 33, 34, 35, 36, 37, 38, 39, 40, 41, 42, 43, 44, 45, 46, 47, 48, 49 ],
            "B": [ "1", "0", "0", "0", "0", "0", "0", "0", "0", "0", "0", "0", "0", "0", "0", "0", "0", "0", "0", "0", "0", "0", "0", "0", "0", "0", "0", "0", "0", "0", "0", "0" ],
            "Y": [ 10, 11, 12, 13, 14, 15, 16, 17, 50, 51, 52, 53, 54, 55, 56, 57, 58, 59, 60, 61, 62, 63, 64, 65, 66, 67, 68, 69, 70, 71, 72, 73 ]
          }
        },
        "$not$designs/twos_comp_proj/src/twos_comp_proj.v:7$2": {
          "hide_name": 1,
          "type": "$not",
          "parameters": {
            "A_SIGNED": "00000000000000000000000000000000",
            "A_WIDTH": "00000000000000000000000000100000",
            "Y_WIDTH": "00000000000000000000000000100000"
          },
          "attributes": {
            "src": "designs/twos_comp_proj/src/twos_comp_proj.v:7.14-7.17"
          },
          "port_directions": {
            "A": "input",
            "Y": "output"
          },
          "connections": {
            "A": [ 2, 3, 4, 5, 6, 7, 8, 9, "0", "0", "0", "0", "0", "0", "0", "0", "0", "0", "0", "0", "0", "0", "0", "0", "0", "0", "0", "0", "0", "0", "0", "0" ],
            "Y": [ 18, 19, 20, 21, 22, 23, 24, 25, 26, 27, 28, 29, 30, 31, 32, 33, 34, 35, 36, 37, 38, 39, 40, 41, 42, 43, 44, 45, 46, 47, 48, 49 ]
          }
        }
      },
      "netnames": {
        "$add$designs/twos_comp_proj/src/twos_comp_proj.v:7$3_Y": {
          "hide_name": 1,
          "bits": [ 10, 11, 12, 13, 14, 15, 16, 17, 50, 51, 52, 53, 54, 55, 56, 57, 58, 59, 60, 61, 62, 63, 64, 65, 66, 67, 68, 69, 70, 71, 72, 73 ],
          "attributes": {
            "src": "designs/twos_comp_proj/src/twos_comp_proj.v:7.14-7.21",
            "unused_bits": "8 9 10 11 12 13 14 15 16 17 18 19 20 21 22 23 24 25 26 27 28 29 30 31"
          }
        },
        "$not$designs/twos_comp_proj/src/twos_comp_proj.v:7$2_Y": {
          "hide_name": 1,
          "bits": [ 18, 19, 20, 21, 22, 23, 24, 25, 26, 27, 28, 29, 30, 31, 32, 33, 34, 35, 36, 37, 38, 39, 40, 41, 42, 43, 44, 45, 46, 47, 48, 49 ],
          "attributes": {
            "src": "designs/twos_comp_proj/src/twos_comp_proj.v:7.14-7.17"
          }
        },
        "in": {
          "hide_name": 0,
          "bits": [ 2, 3, 4, 5, 6, 7, 8, 9 ],
          "attributes": {
            "src": "designs/twos_comp_proj/src/twos_comp_proj.v:3.18-3.20"
          }
        },
        "out": {
          "hide_name": 0,
          "bits": [ 10, 11, 12, 13, 14, 15, 16, 17 ],
          "attributes": {
            "src": "designs/twos_comp_proj/src/twos_comp_proj.v:4.18-4.21"
          }
        }
      }
    }
  }
}
