{
  "creator": "Yosys 0.46 (git sha1 e97731b9dda91fa5fa53ed87df7c34163ba59a41, clang++ 17.0.6 -fPIC -O3)",
  "modules": {
    "register_file": {
      "attributes": {
        "hdlname": "register_file",
        "top": "00000000000000000000000000000001",
        "src": "designs/register_file/register_file.v:1.1-18.10"
      },
      "ports": {
        "CLK": {
          "direction": "input",
          "bits": [ 2 ]
        },
        "WE3": {
          "direction": "input",
          "bits": [ 3 ]
        },
        "A1": {
          "direction": "input",
          "bits": [ 4, 5, 6, 7, 8 ]
        },
        "A2": {
          "direction": "input",
          "bits": [ 9, 10, 11, 12, 13 ]
        },
        "A3": {
          "direction": "input",
          "bits": [ 14, 15, 16, 17, 18 ]
        },
        "WD3": {
          "direction": "input",
          "bits": [ 19, 20, 21, 22, 23, 24, 25, 26, 27, 28, 29, 30, 31, 32, 33, 34, 35, 36, 37, 38, 39, 40, 41, 42, 43, 44, 45, 46, 47, 48, 49, 50 ]
        },
        "RD1": {
          "direction": "output",
          "bits": [ 51, 52, 53, 54, 55, 56, 57, 58, 59, 60, 61, 62, 63, 64, 65, 66, 67, 68, 69, 70, 71, 72, 73, 74, 75, 76, 77, 78, 79, 80, 81, 82 ]
        },
        "RD2": {
          "direction": "output",
          "bits": [ 83, 84, 85, 86, 87, 88, 89, 90, 91, 92, 93, 94, 95, 96, 97, 98, 99, 100, 101, 102, 103, 104, 105, 106, 107, 108, 109, 110, 111, 112, 113, 114 ]
        }
      },
      "cells": {
        "$auto$proc_memwr.cc:45:proc_memwr$23": {
          "hide_name": 1,
          "type": "$memwr_v2",
          "parameters": {
            "ABITS": "00000000000000000000000000000101",
            "CLK_ENABLE": "1",
            "CLK_POLARITY": "1",
            "MEMID": "\\registers",
            "PORTID": "00000000000000000000000000000000",
            "PRIORITY_MASK": "",
            "WIDTH": "00000000000000000000000000100000"
          },
          "attributes": {
            "src": "designs/register_file/register_file.v:16.13-16.33"
          },
          "port_directions": {
            "ADDR": "input",
            "CLK": "input",
            "DATA": "input",
            "EN": "input"
          },
          "connections": {
            "ADDR": [ 115, 116, 117, 118, 119 ],
            "CLK": [ 2 ],
            "DATA": [ 120, 121, 122, 123, 124, 125, 126, 127, 128, 129, 130, 131, 132, 133, 134, 135, 136, 137, 138, 139, 140, 141, 142, 143, 144, 145, 146, 147, 148, 149, 150, 151 ],
            "EN": [ 152, 153, 154, 155, 156, 157, 158, 159, 160, 161, 162, 163, 164, 165, 166, 167, 168, 169, 170, 171, 172, 173, 174, 175, 176, 177, 178, 179, 180, 181, 182, 183 ]
          }
        },
        "$memrd$\\registers$designs/register_file/register_file.v:11$2": {
          "hide_name": 1,
          "type": "$memrd",
          "parameters": {
            "ABITS": "00000000000000000000000000000101",
            "CLK_ENABLE": "00000000000000000000000000000000",
            "CLK_POLARITY": "00000000000000000000000000000000",
            "MEMID": "\\registers",
            "TRANSPARENT": "00000000000000000000000000000000",
            "WIDTH": "00000000000000000000000000100000"
          },
          "attributes": {
            "src": "designs/register_file/register_file.v:11.18-11.27"
          },
          "port_directions": {
            "ADDR": "input",
            "CLK": "input",
            "DATA": "output",
            "EN": "input"
          },
          "connections": {
            "ADDR": [ 4, 5, 6, 7, 8 ],
            "CLK": [ "x" ],
            "DATA": [ 51, 52, 53, 54, 55, 56, 57, 58, 59, 60, 61, 62, 63, 64, 65, 66, 67, 68, 69, 70, 71, 72, 73, 74, 75, 76, 77, 78, 79, 80, 81, 82 ],
            "EN": [ "x" ]
          }
        },
        "$memrd$\\registers$designs/register_file/register_file.v:12$3": {
          "hide_name": 1,
          "type": "$memrd",
          "parameters": {
            "ABITS": "00000000000000000000000000000101",
            "CLK_ENABLE": "00000000000000000000000000000000",
            "CLK_POLARITY": "00000000000000000000000000000000",
            "MEMID": "\\registers",
            "TRANSPARENT": "00000000000000000000000000000000",
            "WIDTH": "00000000000000000000000000100000"
          },
          "attributes": {
            "src": "designs/register_file/register_file.v:12.18-12.27"
          },
          "port_directions": {
            "ADDR": "input",
            "CLK": "input",
            "DATA": "output",
            "EN": "input"
          },
          "connections": {
            "ADDR": [ 9, 10, 11, 12, 13 ],
            "CLK": [ "x" ],
            "DATA": [ 83, 84, 85, 86, 87, 88, 89, 90, 91, 92, 93, 94, 95, 96, 97, 98, 99, 100, 101, 102, 103, 104, 105, 106, 107, 108, 109, 110, 111, 112, 113, 114 ],
            "EN": [ "x" ]
          }
        },
        "$procmux$12": {
          "hide_name": 1,
          "type": "$mux",
          "parameters": {
            "WIDTH": "00000000000000000000000000100000"
          },
          "attributes": {
            "full_case": "00000000000000000000000000000001",
            "src": "designs/register_file/register_file.v:15.13-15.16|designs/register_file/register_file.v:15.9-16.34"
          },
          "port_directions": {
            "A": "input",
            "B": "input",
            "S": "input",
            "Y": "output"
          },
          "connections": {
            "A": [ "0", "0", "0", "0", "0", "0", "0", "0", "0", "0", "0", "0", "0", "0", "0", "0", "0", "0", "0", "0", "0", "0", "0", "0", "0", "0", "0", "0", "0", "0", "0", "0" ],
            "B": [ "1", "1", "1", "1", "1", "1", "1", "1", "1", "1", "1", "1", "1", "1", "1", "1", "1", "1", "1", "1", "1", "1", "1", "1", "1", "1", "1", "1", "1", "1", "1", "1" ],
            "S": [ 3 ],
            "Y": [ 152, 153, 154, 155, 156, 157, 158, 159, 160, 161, 162, 163, 164, 165, 166, 167, 168, 169, 170, 171, 172, 173, 174, 175, 176, 177, 178, 179, 180, 181, 182, 183 ]
          }
        },
        "$procmux$15": {
          "hide_name": 1,
          "type": "$mux",
          "parameters": {
            "WIDTH": "00000000000000000000000000100000"
          },
          "attributes": {
            "full_case": "00000000000000000000000000000001",
            "src": "designs/register_file/register_file.v:15.13-15.16|designs/register_file/register_file.v:15.9-16.34"
          },
          "port_directions": {
            "A": "input",
            "B": "input",
            "S": "input",
            "Y": "output"
          },
          "connections": {
            "A": [ "x", "x", "x", "x", "x", "x", "x", "x", "x", "x", "x", "x", "x", "x", "x", "x", "x", "x", "x", "x", "x", "x", "x", "x", "x", "x", "x", "x", "x", "x", "x", "x" ],
            "B": [ 19, 20, 21, 22, 23, 24, 25, 26, 27, 28, 29, 30, 31, 32, 33, 34, 35, 36, 37, 38, 39, 40, 41, 42, 43, 44, 45, 46, 47, 48, 49, 50 ],
            "S": [ 3 ],
            "Y": [ 120, 121, 122, 123, 124, 125, 126, 127, 128, 129, 130, 131, 132, 133, 134, 135, 136, 137, 138, 139, 140, 141, 142, 143, 144, 145, 146, 147, 148, 149, 150, 151 ]
          }
        },
        "$procmux$18": {
          "hide_name": 1,
          "type": "$mux",
          "parameters": {
            "WIDTH": "00000000000000000000000000000101"
          },
          "attributes": {
            "full_case": "00000000000000000000000000000001",
            "src": "designs/register_file/register_file.v:15.13-15.16|designs/register_file/register_file.v:15.9-16.34"
          },
          "port_directions": {
            "A": "input",
            "B": "input",
            "S": "input",
            "Y": "output"
          },
          "connections": {
            "A": [ "x", "x", "x", "x", "x" ],
            "B": [ 14, 15, 16, 17, 18 ],
            "S": [ 3 ],
            "Y": [ 115, 116, 117, 118, 119 ]
          }
        }
      },
      "memories": {
        "registers": {
          "hide_name": 0,
          "attributes": {
            "src": "designs/register_file/register_file.v:9.16-9.25"
          },
          "width": 32,
          "start_offset": 0,
          "size": 32
        }
      },
      "netnames": {
        "$0$memwr$\\registers$designs/register_file/register_file.v:16$1_ADDR[4:0]$5": {
          "hide_name": 1,
          "bits": [ 115, 116, 117, 118, 119 ],
          "attributes": {
            "src": "designs/register_file/register_file.v:14.5-17.8"
          }
        },
        "$0$memwr$\\registers$designs/register_file/register_file.v:16$1_DATA[31:0]$6": {
          "hide_name": 1,
          "bits": [ 120, 121, 122, 123, 124, 125, 126, 127, 128, 129, 130, 131, 132, 133, 134, 135, 136, 137, 138, 139, 140, 141, 142, 143, 144, 145, 146, 147, 148, 149, 150, 151 ],
          "attributes": {
            "src": "designs/register_file/register_file.v:14.5-17.8"
          }
        },
        "$0$memwr$\\registers$designs/register_file/register_file.v:16$1_EN[31:0]$7": {
          "hide_name": 1,
          "bits": [ 152, 153, 154, 155, 156, 157, 158, 159, 160, 161, 162, 163, 164, 165, 166, 167, 168, 169, 170, 171, 172, 173, 174, 175, 176, 177, 178, 179, 180, 181, 182, 183 ],
          "attributes": {
            "src": "designs/register_file/register_file.v:14.5-17.8"
          }
        },
        "A1": {
          "hide_name": 0,
          "bits": [ 4, 5, 6, 7, 8 ],
          "attributes": {
            "src": "designs/register_file/register_file.v:4.17-4.19"
          }
        },
        "A2": {
          "hide_name": 0,
          "bits": [ 9, 10, 11, 12, 13 ],
          "attributes": {
            "src": "designs/register_file/register_file.v:4.21-4.23"
          }
        },
        "A3": {
          "hide_name": 0,
          "bits": [ 14, 15, 16, 17, 18 ],
          "attributes": {
            "src": "designs/register_file/register_file.v:4.25-4.27"
          }
        },
        "CLK": {
          "hide_name": 0,
          "bits": [ 2 ],
          "attributes": {
            "src": "designs/register_file/register_file.v:2.11-2.14"
          }
        },
        "RD1": {
          "hide_name": 0,
          "bits": [ 51, 52, 53, 54, 55, 56, 57, 58, 59, 60, 61, 62, 63, 64, 65, 66, 67, 68, 69, 70, 71, 72, 73, 74, 75, 76, 77, 78, 79, 80, 81, 82 ],
          "attributes": {
            "src": "designs/register_file/register_file.v:6.19-6.22"
          }
        },
        "RD2": {
          "hide_name": 0,
          "bits": [ 83, 84, 85, 86, 87, 88, 89, 90, 91, 92, 93, 94, 95, 96, 97, 98, 99, 100, 101, 102, 103, 104, 105, 106, 107, 108, 109, 110, 111, 112, 113, 114 ],
          "attributes": {
            "src": "designs/register_file/register_file.v:7.19-7.22"
          }
        },
        "WD3": {
          "hide_name": 0,
          "bits": [ 19, 20, 21, 22, 23, 24, 25, 26, 27, 28, 29, 30, 31, 32, 33, 34, 35, 36, 37, 38, 39, 40, 41, 42, 43, 44, 45, 46, 47, 48, 49, 50 ],
          "attributes": {
            "src": "designs/register_file/register_file.v:5.18-5.21"
          }
        },
        "WE3": {
          "hide_name": 0,
          "bits": [ 3 ],
          "attributes": {
            "src": "designs/register_file/register_file.v:3.11-3.14"
          }
        }
      }
    }
  }
}
