{
    "design__lint_error__count": 0,
    "design__lint_timing_construct__count": 0,
    "design__lint_warning__count": 0,
    "design__inferred_latch__count": 0,
    "design__instance__count": 127,
    "design__instance__area": 396.63,
    "design__instance_unmapped__count": 0,
    "synthesis__check_error__count": 0,
    "design__max_slew_violation__count__corner:nom_tt_025C_1v80": 0,
    "design__max_fanout_violation__count__corner:nom_tt_025C_1v80": 0,
    "design__max_cap_violation__count__corner:nom_tt_025C_1v80": 0,
    "power__internal__total": 1.3672545264853397e-06,
    "power__switching__total": 1.1310410172882257e-06,
    "power__leakage__total": 8.569502329969225e-10,
    "power__total": 2.499152515156311e-06,
    "clock__skew__worst_hold__corner:nom_tt_025C_1v80": 0,
    "clock__skew__worst_setup__corner:nom_tt_025C_1v80": 0,
    "timing__hold__ws__corner:nom_tt_025C_1v80": 1000000043329398900000000000000000000000,
    "timing__setup__ws__corner:nom_tt_025C_1v80": 1000000043329398900000000000000000000000,
    "timing__hold__tns__corner:nom_tt_025C_1v80": 0,
    "timing__setup__tns__corner:nom_tt_025C_1v80": 0,
    "timing__hold__wns__corner:nom_tt_025C_1v80": 0,
    "timing__setup__wns__corner:nom_tt_025C_1v80": 0,
    "timing__hold_vio__count__corner:nom_tt_025C_1v80": 0,
    "timing__hold_r2r__ws__corner:nom_tt_025C_1v80": Infinity,
    "timing__hold_r2r_vio__count__corner:nom_tt_025C_1v80": 0,
    "timing__setup_vio__count__corner:nom_tt_025C_1v80": 0,
    "timing__setup_r2r__ws__corner:nom_tt_025C_1v80": Infinity,
    "timing__setup_r2r_vio__count__corner:nom_tt_025C_1v80": 0,
    "design__max_slew_violation__count__corner:nom_ss_100C_1v60": 0,
    "design__max_fanout_violation__count__corner:nom_ss_100C_1v60": 0,
    "design__max_cap_violation__count__corner:nom_ss_100C_1v60": 0,
    "clock__skew__worst_hold__corner:nom_ss_100C_1v60": 0,
    "clock__skew__worst_setup__corner:nom_ss_100C_1v60": 0,
    "timing__hold__ws__corner:nom_ss_100C_1v60": 1000000043329398900000000000000000000000,
    "timing__setup__ws__corner:nom_ss_100C_1v60": 1000000043329398900000000000000000000000,
    "timing__hold__tns__corner:nom_ss_100C_1v60": 0,
    "timing__setup__tns__corner:nom_ss_100C_1v60": 0,
    "timing__hold__wns__corner:nom_ss_100C_1v60": 0,
    "timing__setup__wns__corner:nom_ss_100C_1v60": 0,
    "timing__hold_vio__count__corner:nom_ss_100C_1v60": 0,
    "timing__hold_r2r__ws__corner:nom_ss_100C_1v60": Infinity,
    "timing__hold_r2r_vio__count__corner:nom_ss_100C_1v60": 0,
    "timing__setup_vio__count__corner:nom_ss_100C_1v60": 0,
    "timing__setup_r2r__ws__corner:nom_ss_100C_1v60": Infinity,
    "timing__setup_r2r_vio__count__corner:nom_ss_100C_1v60": 0,
    "design__max_slew_violation__count__corner:nom_ff_n40C_1v95": 0,
    "design__max_fanout_violation__count__corner:nom_ff_n40C_1v95": 0,
    "design__max_cap_violation__count__corner:nom_ff_n40C_1v95": 0,
    "clock__skew__worst_hold__corner:nom_ff_n40C_1v95": 0,
    "clock__skew__worst_setup__corner:nom_ff_n40C_1v95": 0,
    "timing__hold__ws__corner:nom_ff_n40C_1v95": 1000000043329398900000000000000000000000,
    "timing__setup__ws__corner:nom_ff_n40C_1v95": 1000000043329398900000000000000000000000,
    "timing__hold__tns__corner:nom_ff_n40C_1v95": 0,
    "timing__setup__tns__corner:nom_ff_n40C_1v95": 0,
    "timing__hold__wns__corner:nom_ff_n40C_1v95": 0,
    "timing__setup__wns__corner:nom_ff_n40C_1v95": 0,
    "timing__hold_vio__count__corner:nom_ff_n40C_1v95": 0,
    "timing__hold_r2r__ws__corner:nom_ff_n40C_1v95": Infinity,
    "timing__hold_r2r_vio__count__corner:nom_ff_n40C_1v95": 0,
    "timing__setup_vio__count__corner:nom_ff_n40C_1v95": 0,
    "timing__setup_r2r__ws__corner:nom_ff_n40C_1v95": Infinity,
    "timing__setup_r2r_vio__count__corner:nom_ff_n40C_1v95": 0,
    "design__max_slew_violation__count": 0,
    "design__max_fanout_violation__count": 0,
    "design__max_cap_violation__count": 0,
    "clock__skew__worst_hold": 0,
    "clock__skew__worst_setup": 0,
    "timing__hold__ws": 1000000043329398900000000000000000000000,
    "timing__setup__ws": 1000000043329398900000000000000000000000,
    "timing__hold__tns": 0,
    "timing__setup__tns": 0,
    "timing__hold__wns": 0,
    "timing__setup__wns": 0,
    "timing__hold_vio__count": 0,
    "timing__hold_r2r__ws": Infinity,
    "timing__hold_r2r_vio__count": 0,
    "timing__setup_vio__count": 0,
    "timing__setup_r2r__ws": Infinity,
    "timing__setup_r2r_vio__count": 0,
    "design__die__bbox": "0.0 0.0 100.0 100.0",
    "design__core__bbox": "10.12 10.88 89.7 89.76",
    "design__io": 11,
    "design__die__area": 10000,
    "design__core__area": 6277.27,
    "design__instance__count__stdcell": 127,
    "design__instance__area__stdcell": 396.63,
    "design__instance__count__macros": 0,
    "design__instance__area__macros": 0,
    "design__instance__utilization": 0.0631852,
    "design__instance__utilization__stdcell": 0.0631852,
    "design__instance__count__class:buffer": 1,
    "design__instance__count__class:inverter": 4,
    "design__instance__count__class:sequential_cell": 4,
    "design__instance__count__class:multi_input_combinational_cell": 16,
    "flow__warnings__count": 1,
    "flow__errors__count": 0,
    "design__instance__count__class:fill_cell": 604,
    "design__instance__count__class:tap_cell": 93,
    "design__power_grid_violation__count__net:VGND": 0,
    "design__power_grid_violation__count__net:VPWR": 0,
    "design__power_grid_violation__count": 0,
    "floorplan__design__io": 9,
    "design__io__hpwl": 404974,
    "timing__drv__floating__nets": 0,
    "timing__drv__floating__pins": 0,
    "design__instance__displacement__total": 0,
    "design__instance__displacement__mean": 0,
    "design__instance__displacement__max": 0,
    "route__wirelength__estimated": 603.446,
    "design__violations": 0,
    "design__instance__count__class:timing_repair_buffer": 9,
    "design__instance__count__setup_buffer": 0,
    "design__instance__count__hold_buffer": 0,
    "antenna__violating__nets": 0,
    "antenna__violating__pins": 0,
    "route__antenna_violation__count": 0,
    "antenna_diodes_count": 0,
    "route__net": 36,
    "route__net__special": 2,
    "route__drc_errors__iter:1": 2,
    "route__wirelength__iter:1": 626,
    "route__drc_errors__iter:2": 3,
    "route__wirelength__iter:2": 615,
    "route__drc_errors__iter:3": 0,
    "route__wirelength__iter:3": 615,
    "route__drc_errors": 0,
    "route__wirelength": 615,
    "route__vias": 201,
    "route__vias__singlecut": 201,
    "route__vias__multicut": 0,
    "design__disconnected_pin__count": 0,
    "design__critical_disconnected_pin__count": 0,
    "route__wirelength__max": 73.8,
    "timing__unannotated_net__count__corner:nom_tt_025C_1v80": 0,
    "timing__unannotated_net_filtered__count__corner:nom_tt_025C_1v80": 0,
    "timing__unannotated_net__count__corner:nom_ss_100C_1v60": 0,
    "timing__unannotated_net_filtered__count__corner:nom_ss_100C_1v60": 0,
    "timing__unannotated_net__count__corner:nom_ff_n40C_1v95": 0,
    "timing__unannotated_net_filtered__count__corner:nom_ff_n40C_1v95": 0,
    "design__max_slew_violation__count__corner:min_tt_025C_1v80": 0,
    "design__max_fanout_violation__count__corner:min_tt_025C_1v80": 0,
    "design__max_cap_violation__count__corner:min_tt_025C_1v80": 0,
    "clock__skew__worst_hold__corner:min_tt_025C_1v80": 0,
    "clock__skew__worst_setup__corner:min_tt_025C_1v80": 0,
    "timing__hold__ws__corner:min_tt_025C_1v80": 1000000043329398900000000000000000000000,
    "timing__setup__ws__corner:min_tt_025C_1v80": 1000000043329398900000000000000000000000,
    "timing__hold__tns__corner:min_tt_025C_1v80": 0,
    "timing__setup__tns__corner:min_tt_025C_1v80": 0,
    "timing__hold__wns__corner:min_tt_025C_1v80": 0,
    "timing__setup__wns__corner:min_tt_025C_1v80": 0,
    "timing__hold_vio__count__corner:min_tt_025C_1v80": 0,
    "timing__hold_r2r__ws__corner:min_tt_025C_1v80": Infinity,
    "timing__hold_r2r_vio__count__corner:min_tt_025C_1v80": 0,
    "timing__setup_vio__count__corner:min_tt_025C_1v80": 0,
    "timing__setup_r2r__ws__corner:min_tt_025C_1v80": Infinity,
    "timing__setup_r2r_vio__count__corner:min_tt_025C_1v80": 0,
    "timing__unannotated_net__count__corner:min_tt_025C_1v80": 0,
    "timing__unannotated_net_filtered__count__corner:min_tt_025C_1v80": 0,
    "design__max_slew_violation__count__corner:min_ss_100C_1v60": 0,
    "design__max_fanout_violation__count__corner:min_ss_100C_1v60": 0,
    "design__max_cap_violation__count__corner:min_ss_100C_1v60": 0,
    "clock__skew__worst_hold__corner:min_ss_100C_1v60": 0,
    "clock__skew__worst_setup__corner:min_ss_100C_1v60": 0,
    "timing__hold__ws__corner:min_ss_100C_1v60": 1000000043329398900000000000000000000000,
    "timing__setup__ws__corner:min_ss_100C_1v60": 1000000043329398900000000000000000000000,
    "timing__hold__tns__corner:min_ss_100C_1v60": 0,
    "timing__setup__tns__corner:min_ss_100C_1v60": 0,
    "timing__hold__wns__corner:min_ss_100C_1v60": 0,
    "timing__setup__wns__corner:min_ss_100C_1v60": 0,
    "timing__hold_vio__count__corner:min_ss_100C_1v60": 0,
    "timing__hold_r2r__ws__corner:min_ss_100C_1v60": Infinity,
    "timing__hold_r2r_vio__count__corner:min_ss_100C_1v60": 0,
    "timing__setup_vio__count__corner:min_ss_100C_1v60": 0,
    "timing__setup_r2r__ws__corner:min_ss_100C_1v60": Infinity,
    "timing__setup_r2r_vio__count__corner:min_ss_100C_1v60": 0,
    "timing__unannotated_net__count__corner:min_ss_100C_1v60": 0,
    "timing__unannotated_net_filtered__count__corner:min_ss_100C_1v60": 0,
    "design__max_slew_violation__count__corner:min_ff_n40C_1v95": 0,
    "design__max_fanout_violation__count__corner:min_ff_n40C_1v95": 0,
    "design__max_cap_violation__count__corner:min_ff_n40C_1v95": 0,
    "clock__skew__worst_hold__corner:min_ff_n40C_1v95": 0,
    "clock__skew__worst_setup__corner:min_ff_n40C_1v95": 0,
    "timing__hold__ws__corner:min_ff_n40C_1v95": 1000000043329398900000000000000000000000,
    "timing__setup__ws__corner:min_ff_n40C_1v95": 1000000043329398900000000000000000000000,
    "timing__hold__tns__corner:min_ff_n40C_1v95": 0,
    "timing__setup__tns__corner:min_ff_n40C_1v95": 0,
    "timing__hold__wns__corner:min_ff_n40C_1v95": 0,
    "timing__setup__wns__corner:min_ff_n40C_1v95": 0,
    "timing__hold_vio__count__corner:min_ff_n40C_1v95": 0,
    "timing__hold_r2r__ws__corner:min_ff_n40C_1v95": Infinity,
    "timing__hold_r2r_vio__count__corner:min_ff_n40C_1v95": 0,
    "timing__setup_vio__count__corner:min_ff_n40C_1v95": 0,
    "timing__setup_r2r__ws__corner:min_ff_n40C_1v95": Infinity,
    "timing__setup_r2r_vio__count__corner:min_ff_n40C_1v95": 0,
    "timing__unannotated_net__count__corner:min_ff_n40C_1v95": 0,
    "timing__unannotated_net_filtered__count__corner:min_ff_n40C_1v95": 0,
    "design__max_slew_violation__count__corner:max_tt_025C_1v80": 0,
    "design__max_fanout_violation__count__corner:max_tt_025C_1v80": 0,
    "design__max_cap_violation__count__corner:max_tt_025C_1v80": 0,
    "clock__skew__worst_hold__corner:max_tt_025C_1v80": 0,
    "clock__skew__worst_setup__corner:max_tt_025C_1v80": 0,
    "timing__hold__ws__corner:max_tt_025C_1v80": 1000000043329398900000000000000000000000,
    "timing__setup__ws__corner:max_tt_025C_1v80": 1000000043329398900000000000000000000000,
    "timing__hold__tns__corner:max_tt_025C_1v80": 0,
    "timing__setup__tns__corner:max_tt_025C_1v80": 0,
    "timing__hold__wns__corner:max_tt_025C_1v80": 0,
    "timing__setup__wns__corner:max_tt_025C_1v80": 0,
    "timing__hold_vio__count__corner:max_tt_025C_1v80": 0,
    "timing__hold_r2r__ws__corner:max_tt_025C_1v80": Infinity,
    "timing__hold_r2r_vio__count__corner:max_tt_025C_1v80": 0,
    "timing__setup_vio__count__corner:max_tt_025C_1v80": 0,
    "timing__setup_r2r__ws__corner:max_tt_025C_1v80": Infinity,
    "timing__setup_r2r_vio__count__corner:max_tt_025C_1v80": 0,
    "timing__unannotated_net__count__corner:max_tt_025C_1v80": 0,
    "timing__unannotated_net_filtered__count__corner:max_tt_025C_1v80": 0,
    "design__max_slew_violation__count__corner:max_ss_100C_1v60": 0,
    "design__max_fanout_violation__count__corner:max_ss_100C_1v60": 0,
    "design__max_cap_violation__count__corner:max_ss_100C_1v60": 0,
    "clock__skew__worst_hold__corner:max_ss_100C_1v60": 0,
    "clock__skew__worst_setup__corner:max_ss_100C_1v60": 0,
    "timing__hold__ws__corner:max_ss_100C_1v60": 1000000043329398900000000000000000000000,
    "timing__setup__ws__corner:max_ss_100C_1v60": 1000000043329398900000000000000000000000,
    "timing__hold__tns__corner:max_ss_100C_1v60": 0,
    "timing__setup__tns__corner:max_ss_100C_1v60": 0,
    "timing__hold__wns__corner:max_ss_100C_1v60": 0,
    "timing__setup__wns__corner:max_ss_100C_1v60": 0,
    "timing__hold_vio__count__corner:max_ss_100C_1v60": 0,
    "timing__hold_r2r__ws__corner:max_ss_100C_1v60": Infinity,
    "timing__hold_r2r_vio__count__corner:max_ss_100C_1v60": 0,
    "timing__setup_vio__count__corner:max_ss_100C_1v60": 0,
    "timing__setup_r2r__ws__corner:max_ss_100C_1v60": Infinity,
    "timing__setup_r2r_vio__count__corner:max_ss_100C_1v60": 0,
    "timing__unannotated_net__count__corner:max_ss_100C_1v60": 0,
    "timing__unannotated_net_filtered__count__corner:max_ss_100C_1v60": 0,
    "design__max_slew_violation__count__corner:max_ff_n40C_1v95": 0,
    "design__max_fanout_violation__count__corner:max_ff_n40C_1v95": 0,
    "design__max_cap_violation__count__corner:max_ff_n40C_1v95": 0,
    "clock__skew__worst_hold__corner:max_ff_n40C_1v95": 0,
    "clock__skew__worst_setup__corner:max_ff_n40C_1v95": 0,
    "timing__hold__ws__corner:max_ff_n40C_1v95": 1000000043329398900000000000000000000000,
    "timing__setup__ws__corner:max_ff_n40C_1v95": 1000000043329398900000000000000000000000,
    "timing__hold__tns__corner:max_ff_n40C_1v95": 0,
    "timing__setup__tns__corner:max_ff_n40C_1v95": 0,
    "timing__hold__wns__corner:max_ff_n40C_1v95": 0,
    "timing__setup__wns__corner:max_ff_n40C_1v95": 0,
    "timing__hold_vio__count__corner:max_ff_n40C_1v95": 0,
    "timing__hold_r2r__ws__corner:max_ff_n40C_1v95": Infinity,
    "timing__hold_r2r_vio__count__corner:max_ff_n40C_1v95": 0,
    "timing__setup_vio__count__corner:max_ff_n40C_1v95": 0,
    "timing__setup_r2r__ws__corner:max_ff_n40C_1v95": Infinity,
    "timing__setup_r2r_vio__count__corner:max_ff_n40C_1v95": 0,
    "timing__unannotated_net__count__corner:max_ff_n40C_1v95": 0,
    "timing__unannotated_net_filtered__count__corner:max_ff_n40C_1v95": 0,
    "timing__unannotated_net__count": 0,
    "timing__unannotated_net_filtered__count": 0,
    "design_powergrid__voltage__worst__net:VPWR__corner:nom_tt_025C_1v80": 1.8,
    "design_powergrid__drop__average__net:VPWR__corner:nom_tt_025C_1v80": 1.8,
    "design_powergrid__drop__worst__net:VPWR__corner:nom_tt_025C_1v80": 3.58406e-06,
    "design_powergrid__voltage__worst__net:VGND__corner:nom_tt_025C_1v80": 3.00939e-06,
    "design_powergrid__drop__average__net:VGND__corner:nom_tt_025C_1v80": 3.65402e-07,
    "design_powergrid__drop__worst__net:VGND__corner:nom_tt_025C_1v80": 3.00939e-06,
    "design_powergrid__voltage__worst": 3.00939e-06,
    "design_powergrid__voltage__worst__net:VPWR": 1.8,
    "design_powergrid__drop__worst": 3.58406e-06,
    "design_powergrid__drop__worst__net:VPWR": 3.58406e-06,
    "design_powergrid__voltage__worst__net:VGND": 3.00939e-06,
    "design_powergrid__drop__worst__net:VGND": 3.00939e-06,
    "ir__voltage__worst": 1.8,
    "ir__drop__avg": 4.13e-07,
    "ir__drop__worst": 3.58e-06,
    "design__xor_difference__count": 0,
    "magic__drc_error__count": 0,
    "klayout__drc_error__count": 0,
    "magic__illegal_overlap__count": 0,
    "design__lvs_device_difference__count": 0,
    "design__lvs_net_difference__count": 0,
    "design__lvs_property_fail__count": 0,
    "design__lvs_error__count": 0,
    "design__lvs_unmatched_device__count": 0,
    "design__lvs_unmatched_net__count": 0,
    "design__lvs_unmatched_pin__count": 0
}