{
  "creator": "Yosys 0.46 (git sha1 e97731b9dda91fa5fa53ed87df7c34163ba59a41, clang++ 17.0.6 -fPIC -O3)",
  "modules": {
    "lab_2project": {
      "attributes": {
        "hdlname": "lab_2project",
        "top": "00000000000000000000000000000001",
        "src": "/Users/ceeem/OpenLane/designs/lab_2project/lab_2project.v:3.1-24.10"
      },
      "ports": {
        "x": {
          "direction": "input",
          "bits": [ 2, 3, 4, 5, 6, 7, 8, 9 ]
        },
        "y": {
          "direction": "input",
          "bits": [ 10, 11, 12, 13, 14, 15, 16, 17 ]
        },
        "opcode": {
          "direction": "input",
          "bits": [ 18, 19, 20 ]
        },
        "z": {
          "direction": "output",
          "bits": [ 21, 22, 23, 24, 25, 26, 27, 28 ]
        }
      },
      "cells": {
        "$add$/Users/ceeem/OpenLane/designs/lab_2project/lab_2project.v:18$7": {
          "hide_name": 1,
          "type": "$add",
          "parameters": {
            "A_SIGNED": "00000000000000000000000000000000",
            "A_WIDTH": "00000000000000000000000000001000",
            "B_SIGNED": "00000000000000000000000000000000",
            "B_WIDTH": "00000000000000000000000000001000",
            "Y_WIDTH": "00000000000000000000000000001000"
          },
          "attributes": {
            "src": "/Users/ceeem/OpenLane/designs/lab_2project/lab_2project.v:18.17-18.22"
          },
          "port_directions": {
            "A": "input",
            "B": "input",
            "Y": "output"
          },
          "connections": {
            "A": [ 2, 3, 4, 5, 6, 7, 8, 9 ],
            "B": [ 10, 11, 12, 13, 14, 15, 16, 17 ],
            "Y": [ 29, 30, 31, 32, 33, 34, 35, 36 ]
          }
        },
        "$and$/Users/ceeem/OpenLane/designs/lab_2project/lab_2project.v:16$5": {
          "hide_name": 1,
          "type": "$and",
          "parameters": {
            "A_SIGNED": "00000000000000000000000000000000",
            "A_WIDTH": "00000000000000000000000000001000",
            "B_SIGNED": "00000000000000000000000000000000",
            "B_WIDTH": "00000000000000000000000000001000",
            "Y_WIDTH": "00000000000000000000000000001000"
          },
          "attributes": {
            "src": "/Users/ceeem/OpenLane/designs/lab_2project/lab_2project.v:16.17-16.22"
          },
          "port_directions": {
            "A": "input",
            "B": "input",
            "Y": "output"
          },
          "connections": {
            "A": [ 2, 3, 4, 5, 6, 7, 8, 9 ],
            "B": [ 10, 11, 12, 13, 14, 15, 16, 17 ],
            "Y": [ 37, 38, 39, 40, 41, 42, 43, 44 ]
          }
        },
        "$mul$/Users/ceeem/OpenLane/designs/lab_2project/lab_2project.v:17$6": {
          "hide_name": 1,
          "type": "$mul",
          "parameters": {
            "A_SIGNED": "00000000000000000000000000000000",
            "A_WIDTH": "00000000000000000000000000000100",
            "B_SIGNED": "00000000000000000000000000000000",
            "B_WIDTH": "00000000000000000000000000000100",
            "Y_WIDTH": "00000000000000000000000000001000"
          },
          "attributes": {
            "src": "/Users/ceeem/OpenLane/designs/lab_2project/lab_2project.v:17.17-17.32"
          },
          "port_directions": {
            "A": "input",
            "B": "input",
            "Y": "output"
          },
          "connections": {
            "A": [ 2, 3, 4, 5 ],
            "B": [ 10, 11, 12, 13 ],
            "Y": [ 45, 46, 47, 48, 49, 50, 51, 52 ]
          }
        },
        "$not$/Users/ceeem/OpenLane/designs/lab_2project/lab_2project.v:13$2": {
          "hide_name": 1,
          "type": "$not",
          "parameters": {
            "A_SIGNED": "00000000000000000000000000000000",
            "A_WIDTH": "00000000000000000000000000001000",
            "Y_WIDTH": "00000000000000000000000000001000"
          },
          "attributes": {
            "src": "/Users/ceeem/OpenLane/designs/lab_2project/lab_2project.v:13.17-13.19"
          },
          "port_directions": {
            "A": "input",
            "Y": "output"
          },
          "connections": {
            "A": [ 2, 3, 4, 5, 6, 7, 8, 9 ],
            "Y": [ 53, 54, 55, 56, 57, 58, 59, 60 ]
          }
        },
        "$or$/Users/ceeem/OpenLane/designs/lab_2project/lab_2project.v:14$3": {
          "hide_name": 1,
          "type": "$or",
          "parameters": {
            "A_SIGNED": "00000000000000000000000000000000",
            "A_WIDTH": "00000000000000000000000000001000",
            "B_SIGNED": "00000000000000000000000000000000",
            "B_WIDTH": "00000000000000000000000000001000",
            "Y_WIDTH": "00000000000000000000000000001000"
          },
          "attributes": {
            "src": "/Users/ceeem/OpenLane/designs/lab_2project/lab_2project.v:14.17-14.22"
          },
          "port_directions": {
            "A": "input",
            "B": "input",
            "Y": "output"
          },
          "connections": {
            "A": [ 2, 3, 4, 5, 6, 7, 8, 9 ],
            "B": [ 10, 11, 12, 13, 14, 15, 16, 17 ],
            "Y": [ 61, 62, 63, 64, 65, 66, 67, 68 ]
          }
        },
        "$procmux$10": {
          "hide_name": 1,
          "type": "$pmux",
          "parameters": {
            "S_WIDTH": "00000000000000000000000000000111",
            "WIDTH": "00000000000000000000000000001000"
          },
          "attributes": {
            "full_case": "00000000000000000000000000000001",
            "src": "/Users/ceeem/OpenLane/designs/lab_2project/lab_2project.v:0.0-0.0|/Users/ceeem/OpenLane/designs/lab_2project/lab_2project.v:12.5-21.12"
          },
          "port_directions": {
            "A": "input",
            "B": "input",
            "S": "input",
            "Y": "output"
          },
          "connections": {
            "A": [ "0", "0", "0", "0", "0", "0", "0", "0" ],
            "B": [ 69, 70, 71, 72, 73, 74, 75, 76, 29, 30, 31, 32, 33, 34, 35, 36, 45, 46, 47, 48, 49, 50, 51, 52, 37, 38, 39, 40, 41, 42, 43, 44, 77, 78, 79, 80, 81, 82, 83, 84, 61, 62, 63, 64, 65, 66, 67, 68, 53, 54, 55, 56, 57, 58, 59, 60 ],
            "S": [ 85, 86, 87, 88, 89, 90, 91 ],
            "Y": [ 21, 22, 23, 24, 25, 26, 27, 28 ]
          }
        },
        "$procmux$11_CMP0": {
          "hide_name": 1,
          "type": "$eq",
          "parameters": {
            "A_SIGNED": "00000000000000000000000000000000",
            "A_WIDTH": "00000000000000000000000000000011",
            "B_SIGNED": "00000000000000000000000000000000",
            "B_WIDTH": "00000000000000000000000000000011",
            "Y_WIDTH": "00000000000000000000000000000001"
          },
          "attributes": {
            "full_case": "00000000000000000000000000000001",
            "src": "/Users/ceeem/OpenLane/designs/lab_2project/lab_2project.v:0.0-0.0|/Users/ceeem/OpenLane/designs/lab_2project/lab_2project.v:12.5-21.12"
          },
          "port_directions": {
            "A": "input",
            "B": "input",
            "Y": "output"
          },
          "connections": {
            "A": [ 18, 19, 20 ],
            "B": [ "0", "1", "1" ],
            "Y": [ 85 ]
          }
        },
        "$procmux$12_CMP0": {
          "hide_name": 1,
          "type": "$eq",
          "parameters": {
            "A_SIGNED": "00000000000000000000000000000000",
            "A_WIDTH": "00000000000000000000000000000011",
            "B_SIGNED": "00000000000000000000000000000000",
            "B_WIDTH": "00000000000000000000000000000011",
            "Y_WIDTH": "00000000000000000000000000000001"
          },
          "attributes": {
            "full_case": "00000000000000000000000000000001",
            "src": "/Users/ceeem/OpenLane/designs/lab_2project/lab_2project.v:0.0-0.0|/Users/ceeem/OpenLane/designs/lab_2project/lab_2project.v:12.5-21.12"
          },
          "port_directions": {
            "A": "input",
            "B": "input",
            "Y": "output"
          },
          "connections": {
            "A": [ 18, 19, 20 ],
            "B": [ "1", "0", "1" ],
            "Y": [ 86 ]
          }
        },
        "$procmux$13_CMP0": {
          "hide_name": 1,
          "type": "$eq",
          "parameters": {
            "A_SIGNED": "00000000000000000000000000000000",
            "A_WIDTH": "00000000000000000000000000000011",
            "B_SIGNED": "00000000000000000000000000000000",
            "B_WIDTH": "00000000000000000000000000000011",
            "Y_WIDTH": "00000000000000000000000000000001"
          },
          "attributes": {
            "full_case": "00000000000000000000000000000001",
            "src": "/Users/ceeem/OpenLane/designs/lab_2project/lab_2project.v:0.0-0.0|/Users/ceeem/OpenLane/designs/lab_2project/lab_2project.v:12.5-21.12"
          },
          "port_directions": {
            "A": "input",
            "B": "input",
            "Y": "output"
          },
          "connections": {
            "A": [ 18, 19, 20 ],
            "B": [ "0", "0", "1" ],
            "Y": [ 87 ]
          }
        },
        "$procmux$14_CMP0": {
          "hide_name": 1,
          "type": "$eq",
          "parameters": {
            "A_SIGNED": "00000000000000000000000000000000",
            "A_WIDTH": "00000000000000000000000000000011",
            "B_SIGNED": "00000000000000000000000000000000",
            "B_WIDTH": "00000000000000000000000000000011",
            "Y_WIDTH": "00000000000000000000000000000001"
          },
          "attributes": {
            "full_case": "00000000000000000000000000000001",
            "src": "/Users/ceeem/OpenLane/designs/lab_2project/lab_2project.v:0.0-0.0|/Users/ceeem/OpenLane/designs/lab_2project/lab_2project.v:12.5-21.12"
          },
          "port_directions": {
            "A": "input",
            "B": "input",
            "Y": "output"
          },
          "connections": {
            "A": [ 18, 19, 20 ],
            "B": [ "1", "1", "0" ],
            "Y": [ 88 ]
          }
        },
        "$procmux$15_CMP0": {
          "hide_name": 1,
          "type": "$eq",
          "parameters": {
            "A_SIGNED": "00000000000000000000000000000000",
            "A_WIDTH": "00000000000000000000000000000011",
            "B_SIGNED": "00000000000000000000000000000000",
            "B_WIDTH": "00000000000000000000000000000011",
            "Y_WIDTH": "00000000000000000000000000000001"
          },
          "attributes": {
            "full_case": "00000000000000000000000000000001",
            "src": "/Users/ceeem/OpenLane/designs/lab_2project/lab_2project.v:0.0-0.0|/Users/ceeem/OpenLane/designs/lab_2project/lab_2project.v:12.5-21.12"
          },
          "port_directions": {
            "A": "input",
            "B": "input",
            "Y": "output"
          },
          "connections": {
            "A": [ 18, 19, 20 ],
            "B": [ "0", "1", "0" ],
            "Y": [ 89 ]
          }
        },
        "$procmux$16_CMP0": {
          "hide_name": 1,
          "type": "$eq",
          "parameters": {
            "A_SIGNED": "00000000000000000000000000000000",
            "A_WIDTH": "00000000000000000000000000000011",
            "B_SIGNED": "00000000000000000000000000000000",
            "B_WIDTH": "00000000000000000000000000000011",
            "Y_WIDTH": "00000000000000000000000000000001"
          },
          "attributes": {
            "full_case": "00000000000000000000000000000001",
            "src": "/Users/ceeem/OpenLane/designs/lab_2project/lab_2project.v:0.0-0.0|/Users/ceeem/OpenLane/designs/lab_2project/lab_2project.v:12.5-21.12"
          },
          "port_directions": {
            "A": "input",
            "B": "input",
            "Y": "output"
          },
          "connections": {
            "A": [ 18, 19, 20 ],
            "B": [ "1", "0", "0" ],
            "Y": [ 90 ]
          }
        },
        "$procmux$17_CMP0": {
          "hide_name": 1,
          "type": "$logic_not",
          "parameters": {
            "A_SIGNED": "00000000000000000000000000000000",
            "A_WIDTH": "00000000000000000000000000000011",
            "Y_WIDTH": "00000000000000000000000000000001"
          },
          "attributes": {
            "full_case": "00000000000000000000000000000001",
            "src": "/Users/ceeem/OpenLane/designs/lab_2project/lab_2project.v:0.0-0.0|/Users/ceeem/OpenLane/designs/lab_2project/lab_2project.v:12.5-21.12"
          },
          "port_directions": {
            "A": "input",
            "Y": "output"
          },
          "connections": {
            "A": [ 18, 19, 20 ],
            "Y": [ 91 ]
          }
        },
        "$sub$/Users/ceeem/OpenLane/designs/lab_2project/lab_2project.v:19$8": {
          "hide_name": 1,
          "type": "$sub",
          "parameters": {
            "A_SIGNED": "00000000000000000000000000000000",
            "A_WIDTH": "00000000000000000000000000001000",
            "B_SIGNED": "00000000000000000000000000000000",
            "B_WIDTH": "00000000000000000000000000001000",
            "Y_WIDTH": "00000000000000000000000000001000"
          },
          "attributes": {
            "src": "/Users/ceeem/OpenLane/designs/lab_2project/lab_2project.v:19.17-19.22"
          },
          "port_directions": {
            "A": "input",
            "B": "input",
            "Y": "output"
          },
          "connections": {
            "A": [ 2, 3, 4, 5, 6, 7, 8, 9 ],
            "B": [ 10, 11, 12, 13, 14, 15, 16, 17 ],
            "Y": [ 69, 70, 71, 72, 73, 74, 75, 76 ]
          }
        },
        "$xor$/Users/ceeem/OpenLane/designs/lab_2project/lab_2project.v:15$4": {
          "hide_name": 1,
          "type": "$xor",
          "parameters": {
            "A_SIGNED": "00000000000000000000000000000000",
            "A_WIDTH": "00000000000000000000000000001000",
            "B_SIGNED": "00000000000000000000000000000000",
            "B_WIDTH": "00000000000000000000000000001000",
            "Y_WIDTH": "00000000000000000000000000001000"
          },
          "attributes": {
            "src": "/Users/ceeem/OpenLane/designs/lab_2project/lab_2project.v:15.17-15.22"
          },
          "port_directions": {
            "A": "input",
            "B": "input",
            "Y": "output"
          },
          "connections": {
            "A": [ 2, 3, 4, 5, 6, 7, 8, 9 ],
            "B": [ 10, 11, 12, 13, 14, 15, 16, 17 ],
            "Y": [ 77, 78, 79, 80, 81, 82, 83, 84 ]
          }
        }
      },
      "netnames": {
        "$add$/Users/ceeem/OpenLane/designs/lab_2project/lab_2project.v:18$7_Y": {
          "hide_name": 1,
          "bits": [ 29, 30, 31, 32, 33, 34, 35, 36 ],
          "attributes": {
            "src": "/Users/ceeem/OpenLane/designs/lab_2project/lab_2project.v:18.17-18.22"
          }
        },
        "$and$/Users/ceeem/OpenLane/designs/lab_2project/lab_2project.v:16$5_Y": {
          "hide_name": 1,
          "bits": [ 37, 38, 39, 40, 41, 42, 43, 44 ],
          "attributes": {
            "src": "/Users/ceeem/OpenLane/designs/lab_2project/lab_2project.v:16.17-16.22"
          }
        },
        "$mul$/Users/ceeem/OpenLane/designs/lab_2project/lab_2project.v:17$6_Y": {
          "hide_name": 1,
          "bits": [ 45, 46, 47, 48, 49, 50, 51, 52 ],
          "attributes": {
            "src": "/Users/ceeem/OpenLane/designs/lab_2project/lab_2project.v:17.17-17.32"
          }
        },
        "$not$/Users/ceeem/OpenLane/designs/lab_2project/lab_2project.v:13$2_Y": {
          "hide_name": 1,
          "bits": [ 53, 54, 55, 56, 57, 58, 59, 60 ],
          "attributes": {
            "src": "/Users/ceeem/OpenLane/designs/lab_2project/lab_2project.v:13.17-13.19"
          }
        },
        "$or$/Users/ceeem/OpenLane/designs/lab_2project/lab_2project.v:14$3_Y": {
          "hide_name": 1,
          "bits": [ 61, 62, 63, 64, 65, 66, 67, 68 ],
          "attributes": {
            "src": "/Users/ceeem/OpenLane/designs/lab_2project/lab_2project.v:14.17-14.22"
          }
        },
        "$procmux$11_CMP": {
          "hide_name": 1,
          "bits": [ 85 ],
          "attributes": {
          }
        },
        "$procmux$12_CMP": {
          "hide_name": 1,
          "bits": [ 86 ],
          "attributes": {
          }
        },
        "$procmux$13_CMP": {
          "hide_name": 1,
          "bits": [ 87 ],
          "attributes": {
          }
        },
        "$procmux$14_CMP": {
          "hide_name": 1,
          "bits": [ 88 ],
          "attributes": {
          }
        },
        "$procmux$15_CMP": {
          "hide_name": 1,
          "bits": [ 89 ],
          "attributes": {
          }
        },
        "$procmux$16_CMP": {
          "hide_name": 1,
          "bits": [ 90 ],
          "attributes": {
          }
        },
        "$procmux$17_CMP": {
          "hide_name": 1,
          "bits": [ 91 ],
          "attributes": {
          }
        },
        "$sub$/Users/ceeem/OpenLane/designs/lab_2project/lab_2project.v:19$8_Y": {
          "hide_name": 1,
          "bits": [ 69, 70, 71, 72, 73, 74, 75, 76 ],
          "attributes": {
            "src": "/Users/ceeem/OpenLane/designs/lab_2project/lab_2project.v:19.17-19.22"
          }
        },
        "$xor$/Users/ceeem/OpenLane/designs/lab_2project/lab_2project.v:15$4_Y": {
          "hide_name": 1,
          "bits": [ 77, 78, 79, 80, 81, 82, 83, 84 ],
          "attributes": {
            "src": "/Users/ceeem/OpenLane/designs/lab_2project/lab_2project.v:15.17-15.22"
          }
        },
        "opcode": {
          "hide_name": 0,
          "bits": [ 18, 19, 20 ],
          "attributes": {
            "src": "/Users/ceeem/OpenLane/designs/lab_2project/lab_2project.v:6.17-6.23"
          }
        },
        "x": {
          "hide_name": 0,
          "bits": [ 2, 3, 4, 5, 6, 7, 8, 9 ],
          "attributes": {
            "src": "/Users/ceeem/OpenLane/designs/lab_2project/lab_2project.v:4.17-4.18"
          }
        },
        "y": {
          "hide_name": 0,
          "bits": [ 10, 11, 12, 13, 14, 15, 16, 17 ],
          "attributes": {
            "src": "/Users/ceeem/OpenLane/designs/lab_2project/lab_2project.v:5.17-5.18"
          }
        },
        "z": {
          "hide_name": 0,
          "bits": [ 21, 22, 23, 24, 25, 26, 27, 28 ],
          "attributes": {
            "src": "/Users/ceeem/OpenLane/designs/lab_2project/lab_2project.v:7.22-7.23"
          }
        }
      }
    }
  }
}
